# Cho et al. Cryogenics 46 (2006) 778-793, Fig. 12
# 288 K He at 3 bar, V_He/V_LOX=1.21 min^-1, T0=91 K (warms);
# 114 K He at 3.5 bar, V_He/V_LOX=1.3 min^-1, T0=99 K (cools to 86.8 K at 1500 s).
# 1 Hz linear interpolation of extracted vertices (no cubic overshoot).
time_s,T288K_P3bar_measured,T114K_P3p5bar_measured,T288K_P3bar_calculated,T114K_P3p5bar_calculated
0,91.0127,98.8416,91.1210,98.7918
1,91.0127,98.8416,91.1210,98.7918
2,91.0127,98.8416,91.1210,98.7918
3,91.0127,98.8416,91.1210,98.7918
4,91.0127,98.8416,91.1210,98.7918
5,91.0127,98.8416,91.1210,98.7918
6,91.0127,98.8416,91.1210,98.7918
7,91.0127,98.8416,91.1210,98.7918
8,91.0127,98.8416,91.1210,98.7918
9,91.0127,98.8416,91.1210,98.7918
10,91.0127,98.8416,91.1210,98.7918
11,91.0127,98.8416,91.1210,98.7918
12,91.0127,98.8416,91.1210,98.7918
13,91.0127,98.8416,91.1210,98.7918
14,91.0131,98.8302,91.1210,98.7918
15,91.0141,98.8185,91.1210,98.7918
16,91.0151,98.8067,91.1210,98.7918
17,91.0161,98.7950,91.1210,98.7918
18,91.0171,98.7833,91.1210,98.7918
19,91.0181,98.7716,91.1210,98.7918
20,91.0191,98.7599,91.1212,98.7906
21,91.0201,98.7482,91.1239,98.7704
22,91.0211,98.7365,91.1267,98.7502
23,91.0221,98.7248,91.1294,98.7300
24,91.0231,98.7131,91.1321,98.7098
25,91.0241,98.7014,91.1349,98.6896
26,91.0250,98.6897,91.1376,98.6694
27,91.0260,98.6780,91.1404,98.6492
28,91.0270,98.6663,91.1431,98.6290
29,91.0280,98.6546,91.1459,98.6088
30,91.0290,98.6429,91.1486,98.5886
31,91.0300,98.6312,91.1513,98.5684
32,91.0310,98.6195,91.1541,98.5482
33,91.0320,98.6078,91.1568,98.5280
34,91.0330,98.5961,91.1596,98.5078
35,91.0340,98.5844,91.1621,98.4896
36,91.0350,98.5727,91.1635,98.4829
37,91.0360,98.5610,91.1649,98.4763
38,91.0370,98.5493,91.1662,98.4696
39,91.0380,98.5376,91.1676,98.4629
40,91.0390,98.5259,91.1690,98.4563
41,91.0400,98.5142,91.1703,98.4496
42,91.0410,98.5025,91.1717,98.4429
43,91.0420,98.4908,91.1731,98.4363
44,91.0430,98.4791,91.1744,98.4296
45,91.0440,98.4674,91.1758,98.4229
46,91.0450,98.4557,91.1772,98.4162
47,91.0460,98.4439,91.1786,98.4096
48,91.0470,98.4322,91.1799,98.4029
49,91.0480,98.4205,91.1813,98.3962
50,91.0490,98.4088,91.1828,98.3880
51,91.0500,98.3971,91.1847,98.3740
52,91.0510,98.3854,91.1867,98.3601
53,91.0520,98.3737,91.1886,98.3461
54,91.0530,98.3620,91.1906,98.3322
55,91.0540,98.3503,91.1925,98.3182
56,91.0550,98.3386,91.1944,98.3043
57,91.0560,98.3269,91.1964,98.2903
58,91.0570,98.3152,91.1983,98.2764
59,91.0580,98.3035,91.2003,98.2624
60,91.0590,98.2918,91.2022,98.2485
61,91.0600,98.2801,91.2041,98.2345
62,91.0610,98.2684,91.2061,98.2206
63,91.0620,98.2567,91.2080,98.2066
64,91.0630,98.2450,91.2100,98.1927
65,91.0640,98.2333,91.2120,98.1756
66,91.0650,98.2216,91.2147,98.1352
67,91.0660,98.2099,91.2175,98.0948
68,91.0669,98.1982,91.2202,98.0545
69,91.0679,98.1865,91.2230,98.0141
70,91.0689,98.1748,91.2257,97.9737
71,91.0699,98.1631,91.2285,97.9333
72,91.0709,98.1514,91.2312,97.8929
73,91.0719,98.1389,91.2339,97.8525
74,91.0729,98.1204,91.2367,97.8121
75,91.0739,98.1020,91.2394,97.7717
76,91.0749,98.0835,91.2422,97.7314
77,91.0759,98.0650,91.2449,97.6910
78,91.0769,98.0465,91.2476,97.6506
79,91.0779,98.0280,91.2504,97.6102
80,91.0789,98.0096,91.2529,97.5722
81,91.0799,97.9911,91.2542,97.5440
82,91.0809,97.9726,91.2556,97.5158
83,91.0819,97.9541,91.2570,97.4875
84,91.0829,97.9356,91.2583,97.4593
85,91.0851,97.9172,91.2597,97.4311
86,91.0872,97.8987,91.2611,97.4029
87,91.0894,97.8802,91.2624,97.3746
88,91.0916,97.8617,91.2638,97.3464
89,91.0937,97.8432,91.2652,97.3182
90,91.0959,97.8248,91.2666,97.2900
91,91.0980,97.8063,91.2679,97.2617
92,91.1002,97.7878,91.2693,97.2335
93,91.1024,97.7693,91.2707,97.2053
94,91.1045,97.7508,91.2720,97.1770
95,91.1067,97.7324,91.2734,97.1488
96,91.1088,97.7139,91.2745,97.1206
97,91.1110,97.6954,91.2757,97.0923
98,91.1132,97.6769,91.2769,97.0641
99,91.1153,97.6584,91.2781,97.0358
100,91.1175,97.6400,91.2793,97.0076
101,91.1196,97.6215,91.2804,96.9793
102,91.1218,97.6030,91.2816,96.9511
103,91.1240,97.5845,91.2828,96.9229
104,91.1261,97.5660,91.2840,96.8946
105,91.1283,97.5476,91.2852,96.8664
106,91.1304,97.5291,91.2864,96.8381
107,91.1326,97.5106,91.2875,96.8099
108,91.1347,97.4921,91.2887,96.7816
109,91.1369,97.4736,91.2899,96.7534
110,91.1391,97.4552,91.2911,96.7256
111,91.1412,97.4367,91.2925,96.6988
112,91.1434,97.4182,91.2939,96.6719
113,91.1455,97.3997,91.2953,96.6451
114,91.1477,97.3813,91.2967,96.6182
115,91.1499,97.3628,91.2980,96.5913
116,91.1520,97.3443,91.2994,96.5645
117,91.1542,97.3258,91.3008,96.5376
118,91.1563,97.3073,91.3022,96.5108
119,91.1585,97.2889,91.3035,96.4839
120,91.1607,97.2704,91.3049,96.4571
121,91.1628,97.2519,91.3063,96.4302
122,91.1650,97.2334,91.3077,96.4034
123,91.1671,97.2149,91.3091,96.3765
124,91.1693,97.1965,91.3104,96.3496
125,91.1715,97.1780,91.3102,96.3239
126,91.1736,97.1595,91.3077,96.2996
127,91.1758,97.1410,91.3053,96.2753
128,91.1779,97.1225,91.3029,96.2510
129,91.1801,97.1041,91.3004,96.2267
130,91.1823,97.0856,91.2980,96.2024
131,91.1844,97.0671,91.2955,96.1781
132,91.1866,97.0486,91.2931,96.1538
133,91.1887,97.0302,91.2907,96.1295
134,91.1909,97.0120,91.2882,96.1052
135,91.1931,96.9937,91.2858,96.0810
136,91.1952,96.9755,91.2833,96.0567
137,91.1974,96.9572,91.2809,96.0324
138,91.1995,96.9390,91.2785,96.0081
139,91.2017,96.9207,91.2760,95.9838
140,91.2038,96.9025,91.2736,95.9595
141,91.2060,96.8842,91.2750,95.9362
142,91.2082,96.8659,91.2776,95.9133
143,91.2103,96.8477,91.2801,95.8903
144,91.2125,96.8294,91.2827,95.8674
145,91.2146,96.8112,91.2853,95.8444
146,91.2168,96.7929,91.2878,95.8214
147,91.2190,96.7747,91.2904,95.7985
148,91.2211,96.7564,91.2929,95.7755
149,91.2233,96.7382,91.2955,95.7526
150,91.2254,96.7199,91.2981,95.7296
151,91.2276,96.7017,91.3006,95.7066
152,91.2298,96.6834,91.3032,95.6837
153,91.2319,96.6651,91.3057,95.6607
154,91.2337,96.6469,91.3083,95.6378
155,91.2340,96.6286,91.3109,95.6148
156,91.2342,96.6104,91.3136,95.5944
157,91.2345,96.5921,91.3163,95.5744
158,91.2348,96.5739,91.3191,95.5544
159,91.2351,96.5556,91.3218,95.5345
160,91.2354,96.5374,91.3245,95.5145
161,91.2357,96.5191,91.3273,95.4945
162,91.2360,96.5009,91.3300,95.4745
163,91.2363,96.4826,91.3328,95.4545
164,91.2366,96.4644,91.3355,95.4345
165,91.2369,96.4461,91.3382,95.4145
166,91.2372,96.4278,91.3410,95.3945
167,91.2375,96.4096,91.3437,95.3745
168,91.2378,96.3913,91.3465,95.3545
169,91.2381,96.3731,91.3492,95.3346
170,91.2384,96.3548,91.3520,95.3146
171,91.2386,96.3366,91.3540,95.2944
172,91.2389,96.3183,91.3559,95.2742
173,91.2392,96.3001,91.3579,95.2540
174,91.2395,96.2818,91.3598,95.2338
175,91.2398,96.2636,91.3618,95.2136
176,91.2401,96.2453,91.3637,95.1934
177,91.2404,96.2270,91.3657,95.1732
178,91.2407,96.2088,91.3677,95.1531
179,91.2410,96.1905,91.3696,95.1329
180,91.2413,96.1723,91.3716,95.1127
181,91.2416,96.1540,91.3735,95.0925
182,91.2419,96.1358,91.3755,95.0723
183,91.2422,96.1175,91.3774,95.0521
184,91.2425,96.0993,91.3794,95.0319
185,91.2427,96.0810,91.3814,95.0117
186,91.2430,96.0628,91.3841,94.9921
187,91.2433,96.0445,91.3869,94.9725
188,91.2436,96.0262,91.3896,94.9529
189,91.2439,96.0080,91.3923,94.9333
190,91.2442,95.9897,91.3951,94.9137
191,91.2445,95.9715,91.3978,94.8941
192,91.2448,95.9532,91.4006,94.8745
193,91.2451,95.9350,91.4033,94.8548
194,91.2454,95.9184,91.4061,94.8352
195,91.2457,95.9018,91.4088,94.8156
196,91.2460,95.8852,91.4115,94.7960
197,91.2463,95.8686,91.4143,94.7764
198,91.2466,95.8520,91.4170,94.7568
199,91.2469,95.8354,91.4198,94.7372
200,91.2471,95.8188,91.4225,94.7178
201,91.2474,95.8023,91.4252,94.7006
202,91.2477,95.7857,91.4279,94.6834
203,91.2480,95.7691,91.4306,94.6661
204,91.2483,95.7525,91.4334,94.6489
205,91.2486,95.7359,91.4361,94.6317
206,91.2489,95.7193,91.4388,94.6145
207,91.2492,95.7027,91.4415,94.5973
208,91.2495,95.6861,91.4442,94.5800
209,91.2498,95.6695,91.4469,94.5628
210,91.2501,95.6529,91.4496,94.5456
211,91.2504,95.6363,91.4524,94.5284
212,91.2507,95.6197,91.4551,94.5112
213,91.2510,95.6032,91.4578,94.4939
214,91.2512,95.5866,91.4605,94.4767
215,91.2515,95.5700,91.4632,94.4595
216,91.2518,95.5534,91.4658,94.4415
217,91.2521,95.5368,91.4683,94.4234
218,91.2524,95.5202,91.4709,94.4053
219,91.2527,95.5036,91.4734,94.3873
220,91.2530,95.4870,91.4760,94.3692
221,91.2533,95.4704,91.4785,94.3512
222,91.2536,95.4538,91.4811,94.3331
223,91.2539,95.4372,91.4836,94.3150
224,91.2543,95.4206,91.4862,94.2970
225,91.2549,95.4041,91.4887,94.2789
226,91.2554,95.3875,91.4913,94.2609
227,91.2560,95.3709,91.4939,94.2428
228,91.2565,95.3543,91.4964,94.2248
229,91.2571,95.3377,91.4990,94.2067
230,91.2577,95.3211,91.5015,94.1889
231,91.2582,95.3045,91.5043,94.1740
232,91.2588,95.2879,91.5070,94.1591
233,91.2594,95.2713,91.5098,94.1442
234,91.2599,95.2547,91.5125,94.1293
235,91.2605,95.2381,91.5153,94.1144
236,91.2610,95.2215,91.5180,94.0995
237,91.2616,95.2050,91.5208,94.0846
238,91.2622,95.1884,91.5235,94.0697
239,91.2627,95.1718,91.5263,94.0548
240,91.2633,95.1552,91.5290,94.0399
241,91.2639,95.1386,91.5318,94.0250
242,91.2644,95.1220,91.5345,94.0101
243,91.2650,95.1054,91.5372,93.9952
244,91.2655,95.0888,91.5400,93.9803
245,91.2661,95.0722,91.5427,93.9651
246,91.2667,95.0556,91.5455,93.9485
247,91.2672,95.0390,91.5482,93.9318
248,91.2678,95.0224,91.5509,93.9151
249,91.2683,95.0059,91.5537,93.8985
250,91.2689,94.9893,91.5564,93.8818
251,91.2695,94.9727,91.5591,93.8651
252,91.2700,94.9561,91.5619,93.8484
253,91.2706,94.9397,91.5646,93.8318
254,91.2712,94.9246,91.5673,93.8151
255,91.2717,94.9096,91.5701,93.7984
256,91.2723,94.8945,91.5728,93.7818
257,91.2728,94.8794,91.5755,93.7651
258,91.2734,94.8643,91.5783,93.7484
259,91.2740,94.8493,91.5810,93.7317
260,91.2745,94.8342,91.5837,93.7157
261,91.2751,94.8191,91.5863,93.7015
262,91.2757,94.8040,91.5888,93.6874
263,91.2762,94.7890,91.5914,93.6733
264,91.2768,94.7739,91.5939,93.6592
265,91.2773,94.7588,91.5965,93.6451
266,91.2779,94.7437,91.5990,93.6310
267,91.2785,94.7287,91.6016,93.6169
268,91.2790,94.7136,91.6041,93.6028
269,91.2796,94.6985,91.6067,93.5886
270,91.2801,94.6834,91.6092,93.5745
271,91.2807,94.6684,91.6118,93.5604
272,91.2813,94.6533,91.6143,93.5463
273,91.2818,94.6382,91.6169,93.5322
274,91.2824,94.6231,91.6194,93.5181
275,91.2830,94.6081,91.6220,93.5041
276,91.2835,94.5930,91.6248,93.4906
277,91.2841,94.5779,91.6275,93.4771
278,91.2846,94.5628,91.6303,93.4636
279,91.2852,94.5478,91.6330,93.4500
280,91.2858,94.5327,91.6358,93.4365
281,91.2863,94.5176,91.6385,93.4230
282,91.2869,94.5025,91.6413,93.4095
283,91.2875,94.4875,91.6440,93.3959
284,91.2880,94.4724,91.6468,93.3824
285,91.2886,94.4573,91.6495,93.3689
286,91.2891,94.4422,91.6523,93.3553
287,91.2897,94.4272,91.6550,93.3418
288,91.2903,94.4121,91.6578,93.3283
289,91.2908,94.3970,91.6605,93.3148
290,91.2914,94.3819,91.6633,93.3013
291,91.2919,94.3669,91.6660,93.2880
292,91.2925,94.3518,91.6687,93.2746
293,91.2931,94.3367,91.6715,93.2613
294,91.2937,94.3216,91.6742,93.2479
295,91.2967,94.3066,91.6770,93.2346
296,91.2997,94.2915,91.6797,93.2213
297,91.3027,94.2764,91.6825,93.2079
298,91.3058,94.2613,91.6852,93.1946
299,91.3088,94.2463,91.6879,93.1812
300,91.3118,94.2312,91.6907,93.1679
301,91.3148,94.2161,91.6934,93.1545
302,91.3178,94.2011,91.6962,93.1412
303,91.3209,94.1860,91.6989,93.1279
304,91.3239,94.1709,91.7017,93.1145
305,91.3269,94.1558,91.7044,93.1015
306,91.3299,94.1408,91.7071,93.0889
307,91.3329,94.1257,91.7098,93.0763
308,91.3360,94.1106,91.7125,93.0637
309,91.3390,94.0955,91.7152,93.0511
310,91.3420,94.0805,91.7179,93.0386
311,91.3450,94.0654,91.7206,93.0260
312,91.3481,94.0503,91.7233,93.0134
313,91.3511,94.0364,91.7260,93.0008
314,91.3541,94.0247,91.7287,92.9882
315,91.3571,94.0130,91.7314,92.9756
316,91.3601,94.0012,91.7341,92.9630
317,91.3632,93.9895,91.7368,92.9504
318,91.3662,93.9777,91.7395,92.9378
319,91.3692,93.9660,91.7422,92.9252
320,91.3722,93.9542,91.7448,92.9128
321,91.3753,93.9425,91.7474,92.9006
322,91.3783,93.9307,91.7500,92.8885
323,91.3813,93.9190,91.7525,92.8763
324,91.3843,93.9072,91.7551,92.8642
325,91.3873,93.8955,91.7576,92.8520
326,91.3904,93.8838,91.7602,92.8398
327,91.3934,93.8720,91.7628,92.8277
328,91.3964,93.8603,91.7653,92.8155
329,91.3994,93.8485,91.7679,92.8034
330,91.4025,93.8368,91.7704,92.7912
331,91.4055,93.8250,91.7730,92.7791
332,91.4085,93.8133,91.7756,92.7669
333,91.4115,93.8015,91.7781,92.7548
334,91.4145,93.7898,91.7807,92.7426
335,91.4176,93.7780,91.7833,92.7305
336,91.4206,93.7663,91.7861,92.7183
337,91.4236,93.7546,91.7888,92.7062
338,91.4266,93.7428,91.7916,92.6940
339,91.4297,93.7311,91.7943,92.6819
340,91.4327,93.7193,91.7971,92.6697
341,91.4357,93.7076,91.7999,92.6576
342,91.4387,93.6958,91.8026,92.6455
343,91.4417,93.6841,91.8054,92.6333
344,91.4448,93.6723,91.8081,92.6212
345,91.4478,93.6606,91.8109,92.6090
346,91.4508,93.6488,91.8136,92.5969
347,91.4538,93.6371,91.8164,92.5848
348,91.4568,93.6254,91.8191,92.5726
349,91.4599,93.6136,91.8219,92.5605
350,91.4629,93.6019,91.8246,92.5490
351,91.4659,93.5901,91.8274,92.5382
352,91.4689,93.5784,91.8301,92.5274
353,91.4720,93.5666,91.8328,92.5166
354,91.4750,93.5549,91.8356,92.5059
355,91.4780,93.5431,91.8383,92.4951
356,91.4810,93.5314,91.8410,92.4843
357,91.4840,93.5196,91.8438,92.4735
358,91.4871,93.5079,91.8465,92.4627
359,91.4901,93.4962,91.8493,92.4519
360,91.4931,93.4844,91.8520,92.4411
361,91.4961,93.4727,91.8547,92.4303
362,91.4992,93.4609,91.8575,92.4195
363,91.5022,93.4492,91.8602,92.4087
364,91.5045,93.4374,91.8629,92.3979
365,91.5054,93.4257,91.8655,92.3876
366,91.5062,93.4139,91.8679,92.3775
367,91.5071,93.4022,91.8703,92.3674
368,91.5079,93.3904,91.8728,92.3573
369,91.5088,93.3787,91.8752,92.3472
370,91.5097,93.3670,91.8776,92.3371
371,91.5105,93.3552,91.8801,92.3270
372,91.5114,93.3435,91.8825,92.3168
373,91.5122,93.3308,91.8849,92.3067
374,91.5131,93.3176,91.8874,92.2966
375,91.5140,93.3043,91.8898,92.2865
376,91.5148,93.2910,91.8922,92.2764
377,91.5157,93.2778,91.8947,92.2663
378,91.5165,93.2645,91.8971,92.2562
379,91.5174,93.2512,91.8995,92.2461
380,91.5183,93.2380,91.9020,92.2360
381,91.5191,93.2247,91.9047,92.2246
382,91.5200,93.2114,91.9074,92.2130
383,91.5208,93.1982,91.9102,92.2015
384,91.5217,93.1849,91.9129,92.1899
385,91.5226,93.1716,91.9156,92.1783
386,91.5234,93.1583,91.9184,92.1668
387,91.5243,93.1451,91.9211,92.1552
388,91.5251,93.1318,91.9239,92.1437
389,91.5260,93.1185,91.9266,92.1321
390,91.5268,93.1053,91.9294,92.1206
391,91.5277,93.0920,91.9321,92.1090
392,91.5286,93.0787,91.9348,92.0975
393,91.5294,93.0655,91.9376,92.0859
394,91.5303,93.0522,91.9403,92.0743
395,91.5311,93.0389,91.9431,92.0628
396,91.5320,93.0257,91.9458,92.0542
397,91.5329,93.0124,91.9486,92.0456
398,91.5337,92.9991,91.9513,92.0369
399,91.5346,92.9859,91.9541,92.0283
400,91.5354,92.9726,91.9568,92.0197
401,91.5363,92.9593,91.9596,92.0110
402,91.5372,92.9461,91.9623,92.0024
403,91.5380,92.9328,91.9651,91.9938
404,91.5389,92.9195,91.9678,91.9851
405,91.5397,92.9062,91.9705,91.9765
406,91.5406,92.8930,91.9733,91.9678
407,91.5415,92.8797,91.9760,91.9592
408,91.5423,92.8664,91.9788,91.9506
409,91.5432,92.8532,91.9815,91.9419
410,91.5440,92.8399,91.9842,91.9331
411,91.5449,92.8266,91.9862,91.9230
412,91.5458,92.8134,91.9881,91.9128
413,91.5466,92.8001,91.9901,91.9026
414,91.5475,92.7868,91.9921,91.8924
415,91.5483,92.7736,91.9940,91.8822
416,91.5492,92.7603,91.9960,91.8720
417,91.5501,92.7470,91.9980,91.8618
418,91.5509,92.7338,91.9999,91.8516
419,91.5518,92.7205,92.0019,91.8414
420,91.5526,92.7072,92.0039,91.8312
421,91.5535,92.6940,92.0058,91.8211
422,91.5543,92.6807,92.0078,91.8109
423,91.5552,92.6674,92.0098,91.8007
424,91.5561,92.6542,92.0117,91.7905
425,91.5569,92.6409,92.0138,91.7804
426,91.5578,92.6276,92.0166,91.7710
427,91.5586,92.6143,92.0193,91.7616
428,91.5595,92.6011,92.0221,91.7522
429,91.5604,92.5878,92.0248,91.7428
430,91.5612,92.5745,92.0275,91.7334
431,91.5621,92.5613,92.0303,91.7239
432,91.5629,92.5480,92.0330,91.7145
433,91.5638,92.5353,92.0358,91.7051
434,91.5649,92.5252,92.0385,91.6957
435,91.5662,92.5151,92.0412,91.6863
436,91.5675,92.5051,92.0440,91.6769
437,91.5688,92.4950,92.0467,91.6675
438,91.5701,92.4849,92.0495,91.6581
439,91.5714,92.4749,92.0522,91.6486
440,91.5727,92.4648,92.0550,91.6394
441,91.5740,92.4547,92.0577,91.6308
442,91.5753,92.4447,92.0604,91.6222
443,91.5766,92.4346,92.0632,91.6136
444,91.5779,92.4245,92.0659,91.6049
445,91.5792,92.4145,92.0687,91.5963
446,91.5805,92.4044,92.0714,91.5877
447,91.5818,92.3943,92.0741,91.5791
448,91.5831,92.3843,92.0769,91.5704
449,91.5844,92.3742,92.0796,91.5618
450,91.5857,92.3641,92.0824,91.5532
451,91.5870,92.3541,92.0851,91.5446
452,91.5883,92.3440,92.0878,91.5359
453,91.5896,92.3339,92.0906,91.5273
454,91.5909,92.3239,92.0933,91.5187
455,91.5922,92.3138,92.0960,91.5100
456,91.5935,92.3037,92.0985,91.5013
457,91.5948,92.2937,92.1010,91.4926
458,91.5961,92.2836,92.1036,91.4839
459,91.5974,92.2735,92.1061,91.4752
460,91.5987,92.2635,92.1086,91.4665
461,91.6000,92.2534,92.1111,91.4578
462,91.6013,92.2434,92.1136,91.4490
463,91.6026,92.2333,92.1162,91.4403
464,91.6039,92.2232,92.1187,91.4316
465,91.6052,92.2132,92.1212,91.4229
466,91.6065,92.2031,92.1237,91.4142
467,91.6078,92.1930,92.1262,91.4055
468,91.6091,92.1830,92.1288,91.3968
469,91.6104,92.1729,92.1313,91.3881
470,91.6117,92.1628,92.1337,91.3797
471,91.6130,92.1528,92.1359,91.3724
472,91.6143,92.1427,92.1380,91.3652
473,91.6156,92.1326,92.1402,91.3579
474,91.6169,92.1226,92.1423,91.3506
475,91.6182,92.1125,92.1445,91.3434
476,91.6195,92.1024,92.1466,91.3361
477,91.6208,92.0924,92.1488,91.3289
478,91.6221,92.0823,92.1510,91.3216
479,91.6234,92.0722,92.1531,91.3144
480,91.6247,92.0622,92.1553,91.3071
481,91.6260,92.0521,92.1574,91.2998
482,91.6273,92.0420,92.1596,91.2926
483,91.6286,92.0320,92.1617,91.2853
484,91.6299,92.0219,92.1639,91.2781
485,91.6312,92.0118,92.1662,91.2703
486,91.6325,92.0018,92.1687,91.2615
487,91.6338,91.9917,92.1712,91.2527
488,91.6351,91.9816,92.1738,91.2439
489,91.6364,91.9716,92.1763,91.2351
490,91.6377,91.9615,92.1789,91.2262
491,91.6390,91.9514,92.1814,91.2174
492,91.6403,91.9414,92.1840,91.2086
493,91.6416,91.9313,92.1865,91.1998
494,91.6429,91.9214,92.1891,91.1910
495,91.6442,91.9115,92.1916,91.1821
496,91.6455,91.9016,92.1941,91.1733
497,91.6468,91.8917,92.1967,91.1645
498,91.6481,91.8818,92.1992,91.1557
499,91.6494,91.8719,92.2018,91.1469
500,91.6507,91.8620,92.2044,91.1386
501,91.6520,91.8521,92.2072,91.1311
502,91.6533,91.8422,92.2099,91.1237
503,91.6546,91.8323,92.2127,91.1162
504,91.6567,91.8224,92.2154,91.1088
505,91.6591,91.8125,92.2182,91.1013
506,91.6616,91.8026,92.2209,91.0939
507,91.6640,91.7927,92.2237,91.0864
508,91.6664,91.7828,92.2265,91.0790
509,91.6688,91.7729,92.2292,91.0715
510,91.6712,91.7630,92.2320,91.0641
511,91.6736,91.7531,92.2347,91.0566
512,91.6760,91.7432,92.2375,91.0492
513,91.6784,91.7333,92.2402,91.0417
514,91.6809,91.7234,92.2430,91.0343
515,91.6833,91.7135,92.2454,91.0269
516,91.6857,91.7036,92.2473,91.0197
517,91.6881,91.6937,92.2493,91.0124
518,91.6905,91.6838,92.2512,91.0051
519,91.6929,91.6739,92.2532,90.9979
520,91.6953,91.6640,92.2551,90.9906
521,91.6978,91.6541,92.2571,90.9833
522,91.7002,91.6442,92.2590,90.9761
523,91.7026,91.6343,92.2610,90.9688
524,91.7050,91.6244,92.2629,90.9615
525,91.7074,91.6145,92.2649,90.9543
526,91.7098,91.6046,92.2668,90.9470
527,91.7122,91.5947,92.2688,90.9398
528,91.7146,91.5848,92.2707,90.9325
529,91.7171,91.5749,92.2727,90.9252
530,91.7195,91.5650,92.2751,90.9182
531,91.7219,91.5551,92.2778,90.9113
532,91.7243,91.5452,92.2806,90.9045
533,91.7267,91.5353,92.2833,90.8976
534,91.7291,91.5254,92.2861,90.8907
535,91.7315,91.5155,92.2888,90.8839
536,91.7339,91.5056,92.2915,90.8770
537,91.7364,91.4957,92.2943,90.8702
538,91.7388,91.4858,92.2970,90.8633
539,91.7412,91.4759,92.2998,90.8564
540,91.7436,91.4660,92.3025,90.8496
541,91.7460,91.4561,92.3053,90.8427
542,91.7484,91.4462,92.3080,90.8359
543,91.7508,91.4362,92.3108,90.8290
544,91.7533,91.4263,92.3135,90.8222
545,91.7557,91.4164,92.3158,90.8154
546,91.7581,91.4065,92.3177,90.8088
547,91.7605,91.3966,92.3197,90.8021
548,91.7629,91.3867,92.3217,90.7954
549,91.7653,91.3768,92.3236,90.7888
550,91.7677,91.3669,92.3256,90.7821
551,91.7701,91.3570,92.3275,90.7754
552,91.7726,91.3471,92.3295,90.7688
553,91.7750,91.3382,92.3314,90.7621
554,91.7774,91.3298,92.3334,90.7554
555,91.7798,91.3215,92.3354,90.7488
556,91.7822,91.3131,92.3373,90.7421
557,91.7846,91.3048,92.3393,90.7354
558,91.7870,91.2964,92.3412,90.7288
559,91.7894,91.2880,92.3432,90.7221
560,91.7919,91.2797,92.3457,90.7155
561,91.7943,91.2713,92.3484,90.7089
562,91.7967,91.2630,92.3511,90.7023
563,91.7991,91.2546,92.3538,90.6958
564,91.8015,91.2463,92.3565,90.6892
565,91.8039,91.2379,92.3593,90.6826
566,91.8063,91.2296,92.3620,90.6760
567,91.8087,91.2212,92.3647,90.6694
568,91.8112,91.2129,92.3674,90.6629
569,91.8136,91.2045,92.3701,90.6563
570,91.8160,91.1961,92.3728,90.6497
571,91.8184,91.1878,92.3756,90.6431
572,91.8208,91.1794,92.3783,90.6365
573,91.8232,91.1711,92.3810,90.6299
574,91.8255,91.1627,92.3837,90.6234
575,91.8277,91.1544,92.3860,90.6151
576,91.8299,91.1460,92.3879,90.6057
577,91.8320,91.1377,92.3899,90.5962
578,91.8342,91.1293,92.3918,90.5868
579,91.8363,91.1209,92.3938,90.5774
580,91.8385,91.1126,92.3958,90.5680
581,91.8407,91.1042,92.3977,90.5586
582,91.8428,91.0959,92.3997,90.5491
583,91.8450,91.0875,92.4016,90.5397
584,91.8471,91.0792,92.4036,90.5303
585,91.8493,91.0708,92.4055,90.5209
586,91.8515,91.0625,92.4075,90.5114
587,91.8536,91.0541,92.4095,90.5020
588,91.8558,91.0458,92.4114,90.4926
589,91.8579,91.0374,92.4134,90.4832
590,91.8601,91.0290,92.4159,90.4756
591,91.8622,91.0207,92.4186,90.4690
592,91.8644,91.0123,92.4214,90.4623
593,91.8666,91.0040,92.4241,90.4556
594,91.8687,90.9956,92.4269,90.4490
595,91.8709,90.9873,92.4296,90.4423
596,91.8730,90.9789,92.4323,90.4357
597,91.8752,90.9706,92.4351,90.4290
598,91.8774,90.9622,92.4378,90.4223
599,91.8795,90.9538,92.4406,90.4157
600,91.8817,90.9455,92.4433,90.4090
601,91.8838,90.9371,92.4461,90.4024
602,91.8860,90.9288,92.4488,90.3957
603,91.8882,90.9204,92.4516,90.3890
604,91.8903,90.9121,92.4543,90.3824
605,91.8925,90.9037,92.4564,90.3730
606,91.8946,90.8954,92.4583,90.3627
607,91.8968,90.8870,92.4602,90.3524
608,91.8990,90.8787,92.4620,90.3421
609,91.9011,90.8703,92.4639,90.3319
610,91.9033,90.8619,92.4658,90.3216
611,91.9054,90.8536,92.4677,90.3113
612,91.9076,90.8452,92.4695,90.3010
613,91.9098,90.8381,92.4714,90.2907
614,91.9119,90.8315,92.4733,90.2804
615,91.9141,90.8248,92.4752,90.2701
616,91.9162,90.8182,92.4770,90.2598
617,91.9184,90.8115,92.4789,90.2496
618,91.9206,90.8048,92.4808,90.2393
619,91.9227,90.7982,92.4827,90.2290
620,91.9249,90.7915,92.4846,90.2192
621,91.9270,90.7849,92.4865,90.2131
622,91.9292,90.7782,92.4885,90.2070
623,91.9314,90.7715,92.4904,90.2009
624,91.9335,90.7649,92.4924,90.1949
625,91.9357,90.7582,92.4944,90.1888
626,91.9378,90.7516,92.4963,90.1827
627,91.9400,90.7449,92.4983,90.1766
628,91.9422,90.7382,92.5003,90.1706
629,91.9443,90.7316,92.5022,90.1645
630,91.9465,90.7249,92.5042,90.1584
631,91.9486,90.7183,92.5061,90.1524
632,91.9508,90.7116,92.5081,90.1463
633,91.9530,90.7050,92.5101,90.1402
634,91.9551,90.6983,92.5120,90.1341
635,91.9573,90.6916,92.5141,90.1282
636,91.9594,90.6850,92.5169,90.1227
637,91.9616,90.6783,92.5196,90.1172
638,91.9638,90.6717,92.5224,90.1117
639,91.9659,90.6650,92.5251,90.1062
640,91.9681,90.6583,92.5278,90.1007
641,91.9702,90.6517,92.5306,90.0952
642,91.9724,90.6450,92.5333,90.0897
643,91.9745,90.6384,92.5361,90.0842
644,91.9756,90.6317,92.5388,90.0787
645,91.9761,90.6250,92.5416,90.0732
646,91.9765,90.6184,92.5443,90.0677
647,91.9769,90.6117,92.5470,90.0623
648,91.9774,90.6051,92.5498,90.0568
649,91.9778,90.5984,92.5525,90.0513
650,91.9783,90.5918,92.5551,90.0457
651,91.9787,90.5851,92.5570,90.0398
652,91.9791,90.5784,92.5590,90.0339
653,91.9796,90.5718,92.5609,90.0280
654,91.9800,90.5651,92.5629,90.0221
655,91.9805,90.5585,92.5649,90.0163
656,91.9809,90.5518,92.5668,90.0104
657,91.9813,90.5451,92.5688,90.0045
658,91.9818,90.5385,92.5707,89.9986
659,91.9822,90.5318,92.5727,89.9927
660,91.9827,90.5252,92.5747,89.9868
661,91.9831,90.5185,92.5766,89.9810
662,91.9835,90.5118,92.5786,89.9751
663,91.9840,90.5052,92.5805,89.9692
664,91.9844,90.4985,92.5825,89.9633
665,91.9848,90.4919,92.5845,89.9576
666,91.9853,90.4852,92.5867,89.9521
667,91.9857,90.4786,92.5888,89.9466
668,91.9862,90.4719,92.5910,89.9411
669,91.9866,90.4652,92.5931,89.9357
670,91.9870,90.4586,92.5953,89.9302
671,91.9875,90.4519,92.5974,89.9247
672,91.9879,90.4453,92.5996,89.9192
673,91.9884,90.4380,92.6017,89.9137
674,91.9888,90.4296,92.6039,89.9083
675,91.9892,90.4212,92.6060,89.9028
676,91.9897,90.4128,92.6082,89.8973
677,91.9901,90.4044,92.6104,89.8918
678,91.9906,90.3961,92.6125,89.8864
679,91.9910,90.3877,92.6147,89.8809
680,91.9914,90.3793,92.6167,89.8757
681,91.9919,90.3709,92.6187,89.8710
682,91.9923,90.3625,92.6207,89.8663
683,91.9928,90.3541,92.6226,89.8616
684,91.9932,90.3457,92.6246,89.8568
685,91.9936,90.3373,92.6266,89.8521
686,91.9941,90.3289,92.6285,89.8474
687,91.9945,90.3205,92.6305,89.8427
688,91.9949,90.3121,92.6325,89.8380
689,91.9954,90.3037,92.6344,89.8333
690,91.9958,90.2953,92.6364,89.8285
691,91.9963,90.2869,92.6384,89.8238
692,91.9967,90.2785,92.6403,89.8191
693,91.9971,90.2701,92.6423,89.8144
694,91.9976,90.2617,92.6443,89.8097
695,91.9980,90.2534,92.6466,89.8047
696,91.9985,90.2450,92.6494,89.7994
697,91.9989,90.2366,92.6521,89.7941
698,91.9993,90.2282,92.6548,89.7888
699,91.9998,90.2198,92.6576,89.7835
700,92.0002,90.2114,92.6603,89.7782
701,92.0007,90.2030,92.6631,89.7729
702,92.0011,90.1946,92.6658,89.7676
703,92.0015,90.1862,92.6685,89.7624
704,92.0020,90.1778,92.6713,89.7571
705,92.0024,90.1694,92.6740,89.7518
706,92.0028,90.1610,92.6768,89.7465
707,92.0033,90.1526,92.6795,89.7412
708,92.0037,90.1442,92.6822,89.7359
709,92.0042,90.1358,92.6850,89.7306
710,92.0046,90.1274,92.6873,89.7252
711,92.0050,90.1190,92.6892,89.7198
712,92.0055,90.1107,92.6911,89.7144
713,92.0059,90.1023,92.6931,89.7089
714,92.0073,90.0939,92.6950,89.7035
715,92.0089,90.0855,92.6969,89.6981
716,92.0104,90.0771,92.6989,89.6926
717,92.0120,90.0687,92.7008,89.6872
718,92.0135,90.0603,92.7027,89.6818
719,92.0151,90.0519,92.7047,89.6764
720,92.0166,90.0435,92.7066,89.6709
721,92.0182,90.0351,92.7085,89.6655
722,92.0198,90.0267,92.7105,89.6601
723,92.0213,90.0183,92.7124,89.6546
724,92.0229,90.0099,92.7143,89.6492
725,92.0244,90.0015,92.7163,89.6445
726,92.0260,89.9931,92.7183,89.6406
727,92.0275,89.9847,92.7202,89.6367
728,92.0291,89.9763,92.7222,89.6328
729,92.0307,89.9680,92.7242,89.6288
730,92.0322,89.9596,92.7261,89.6249
731,92.0338,89.9512,92.7281,89.6210
732,92.0353,89.9428,92.7301,89.6171
733,92.0369,89.9353,92.7321,89.6132
734,92.0384,89.9286,92.7340,89.6093
735,92.0400,89.9219,92.7360,89.6054
736,92.0416,89.9152,92.7380,89.6015
737,92.0431,89.9085,92.7400,89.5976
738,92.0447,89.9018,92.7419,89.5937
739,92.0462,89.8951,92.7439,89.5898
740,92.0478,89.8884,92.7460,89.5854
741,92.0493,89.8817,92.7481,89.5807
742,92.0509,89.8750,92.7503,89.5760
743,92.0524,89.8683,92.7524,89.5713
744,92.0540,89.8616,92.7546,89.5666
745,92.0556,89.8549,92.7567,89.5619
746,92.0571,89.8482,92.7589,89.5571
747,92.0587,89.8415,92.7611,89.5524
748,92.0602,89.8347,92.7632,89.5477
749,92.0618,89.8280,92.7654,89.5430
750,92.0633,89.8213,92.7675,89.5383
751,92.0649,89.8146,92.7697,89.5336
752,92.0665,89.8079,92.7718,89.5289
753,92.0680,89.8012,92.7740,89.5242
754,92.0696,89.7945,92.7761,89.5195
755,92.0711,89.7878,92.7782,89.5151
756,92.0727,89.7811,92.7801,89.5110
757,92.0742,89.7744,92.7821,89.5069
758,92.0758,89.7677,92.7840,89.5028
759,92.0774,89.7610,92.7860,89.4987
760,92.0789,89.7543,92.7879,89.4946
761,92.0805,89.7476,92.7899,89.4904
762,92.0820,89.7409,92.7919,89.4863
763,92.0836,89.7342,92.7938,89.4822
764,92.0851,89.7275,92.7958,89.4781
765,92.0867,89.7208,92.7977,89.4740
766,92.0883,89.7141,92.7997,89.4699
767,92.0898,89.7074,92.8017,89.4657
768,92.0914,89.7007,92.8036,89.4616
769,92.0929,89.6940,92.8056,89.4575
770,92.0945,89.6873,92.8075,89.4530
771,92.0960,89.6806,92.8095,89.4483
772,92.0976,89.6738,92.8115,89.4436
773,92.0992,89.6671,92.8134,89.4388
774,92.1007,89.6604,92.8154,89.4341
775,92.1023,89.6537,92.8173,89.4294
776,92.1038,89.6470,92.8193,89.4247
777,92.1054,89.6403,92.8213,89.4200
778,92.1069,89.6336,92.8232,89.4153
779,92.1085,89.6269,92.8252,89.4106
780,92.1100,89.6202,92.8272,89.4059
781,92.1116,89.6135,92.8291,89.4011
782,92.1132,89.6068,92.8311,89.3964
783,92.1147,89.6001,92.8331,89.3917
784,92.1158,89.5934,92.8350,89.3870
785,92.1162,89.5867,92.8370,89.3829
786,92.1167,89.5800,92.8389,89.3790
787,92.1171,89.5733,92.8409,89.3751
788,92.1176,89.5666,92.8429,89.3712
789,92.1180,89.5599,92.8448,89.3673
790,92.1185,89.5532,92.8468,89.3634
791,92.1189,89.5465,92.8487,89.3594
792,92.1194,89.5398,92.8507,89.3555
793,92.1198,89.5344,92.8526,89.3516
794,92.1202,89.5294,92.8546,89.3477
795,92.1207,89.5244,92.8566,89.3438
796,92.1211,89.5194,92.8585,89.3399
797,92.1216,89.5143,92.8605,89.3360
798,92.1220,89.5093,92.8624,89.3320
799,92.1225,89.5043,92.8644,89.3281
800,92.1229,89.4993,92.8665,89.3240
801,92.1233,89.4943,92.8687,89.3199
802,92.1238,89.4893,92.8708,89.3158
803,92.1242,89.4843,92.8730,89.3117
804,92.1247,89.4793,92.8751,89.3076
805,92.1251,89.4743,92.8773,89.3035
806,92.1256,89.4693,92.8794,89.2994
807,92.1260,89.4643,92.8816,89.2953
808,92.1264,89.4593,92.8838,89.2911
809,92.1269,89.4542,92.8859,89.2870
810,92.1273,89.4492,92.8881,89.2829
811,92.1278,89.4442,92.8902,89.2788
812,92.1282,89.4392,92.8924,89.2747
813,92.1287,89.4342,92.8945,89.2706
814,92.1291,89.4292,92.8967,89.2665
815,92.1295,89.4242,92.8986,89.2626
816,92.1300,89.4192,92.9006,89.2587
817,92.1304,89.4142,92.9025,89.2548
818,92.1309,89.4092,92.9044,89.2509
819,92.1313,89.4042,92.9063,89.2470
820,92.1318,89.3992,92.9083,89.2432
821,92.1322,89.3942,92.9102,89.2393
822,92.1326,89.3891,92.9121,89.2354
823,92.1331,89.3841,92.9140,89.2315
824,92.1335,89.3791,92.9160,89.2276
825,92.1340,89.3741,92.9179,89.2238
826,92.1344,89.3691,92.9198,89.2199
827,92.1349,89.3641,92.9217,89.2160
828,92.1353,89.3591,92.9237,89.2121
829,92.1357,89.3541,92.9256,89.2082
830,92.1362,89.3491,92.9270,89.2037
831,92.1366,89.3441,92.9284,89.1990
832,92.1371,89.3391,92.9298,89.1943
833,92.1375,89.3341,92.9312,89.1895
834,92.1380,89.3291,92.9325,89.1848
835,92.1384,89.3240,92.9339,89.1801
836,92.1388,89.3190,92.9353,89.1754
837,92.1393,89.3140,92.9366,89.1707
838,92.1397,89.3090,92.9380,89.1660
839,92.1402,89.3040,92.9394,89.1613
840,92.1406,89.2990,92.9408,89.1566
841,92.1411,89.2940,92.9421,89.1519
842,92.1415,89.2890,92.9435,89.1472
843,92.1420,89.2840,92.9449,89.1425
844,92.1424,89.2790,92.9462,89.1377
845,92.1428,89.2740,92.9481,89.1344
846,92.1433,89.2690,92.9500,89.1312
847,92.1437,89.2639,92.9519,89.1280
848,92.1442,89.2589,92.9538,89.1248
849,92.1446,89.2539,92.9557,89.1215
850,92.1451,89.2489,92.9576,89.1183
851,92.1455,89.2439,92.9595,89.1151
852,92.1459,89.2389,92.9614,89.1119
853,92.1464,89.2324,92.9633,89.1087
854,92.1482,89.2258,92.9652,89.1054
855,92.1504,89.2192,92.9671,89.1022
856,92.1527,89.2125,92.9690,89.0990
857,92.1550,89.2059,92.9709,89.0958
858,92.1573,89.1992,92.9728,89.0926
859,92.1596,89.1926,92.9748,89.0894
860,92.1619,89.1860,92.9767,89.0858
861,92.1641,89.1793,92.9786,89.0817
862,92.1664,89.1727,92.9805,89.0776
863,92.1687,89.1661,92.9825,89.0736
864,92.1710,89.1594,92.9844,89.0695
865,92.1733,89.1528,92.9863,89.0655
866,92.1756,89.1462,92.9883,89.0614
867,92.1778,89.1395,92.9902,89.0573
868,92.1801,89.1329,92.9921,89.0533
869,92.1824,89.1263,92.9941,89.0492
870,92.1847,89.1196,92.9960,89.0451
871,92.1870,89.1130,92.9979,89.0411
872,92.1893,89.1064,92.9999,89.0370
873,92.1915,89.0997,93.0018,89.0330
874,92.1938,89.0931,93.0037,89.0289
875,92.1961,89.0864,93.0057,89.0251
876,92.1984,89.0798,93.0079,89.0218
877,92.2007,89.0732,93.0101,89.0184
878,92.2030,89.0665,93.0122,89.0151
879,92.2052,89.0599,93.0144,89.0117
880,92.2075,89.0533,93.0165,89.0084
881,92.2098,89.0466,93.0187,89.0051
882,92.2121,89.0400,93.0209,89.0017
883,92.2144,89.0334,93.0230,88.9984
884,92.2167,89.0267,93.0252,88.9951
885,92.2189,89.0201,93.0274,88.9917
886,92.2212,89.0135,93.0295,88.9884
887,92.2235,89.0068,93.0317,88.9851
888,92.2258,89.0002,93.0338,88.9817
889,92.2281,88.9936,93.0360,88.9784
890,92.2304,88.9869,93.0378,88.9741
891,92.2326,88.9803,93.0392,88.9687
892,92.2349,88.9737,93.0406,88.9632
893,92.2372,88.9670,93.0420,88.9577
894,92.2395,88.9604,93.0433,88.9522
895,92.2418,88.9537,93.0447,88.9467
896,92.2441,88.9471,93.0461,88.9412
897,92.2463,88.9405,93.0474,88.9357
898,92.2486,88.9338,93.0488,88.9302
899,92.2509,88.9272,93.0502,88.9247
900,92.2532,88.9206,93.0515,88.9193
901,92.2555,88.9139,93.0529,88.9138
902,92.2578,88.9073,93.0543,88.9083
903,92.2600,88.9007,93.0557,88.9028
904,92.2623,88.8940,93.0570,88.8973
905,92.2646,88.8874,93.0587,88.8926
906,92.2669,88.8808,93.0606,88.8887
907,92.2692,88.8741,93.0626,88.8848
908,92.2715,88.8675,93.0646,88.8809
909,92.2737,88.8609,93.0665,88.8769
910,92.2760,88.8542,93.0685,88.8730
911,92.2783,88.8476,93.0704,88.8691
912,92.2806,88.8409,93.0724,88.8652
913,92.2829,88.8351,93.0743,88.8613
914,92.2852,88.8301,93.0763,88.8574
915,92.2874,88.8250,93.0783,88.8535
916,92.2897,88.8200,93.0802,88.8495
917,92.2920,88.8149,93.0822,88.8456
918,92.2943,88.8099,93.0841,88.8417
919,92.2966,88.8048,93.0861,88.8378
920,92.2989,88.7998,93.0880,88.8342
921,92.3011,88.7948,93.0900,88.8309
922,92.3034,88.7897,93.0920,88.8275
923,92.3057,88.7847,93.0939,88.8242
924,92.3071,88.7796,93.0959,88.8208
925,92.3084,88.7746,93.0978,88.8175
926,92.3097,88.7696,93.0998,88.8141
927,92.3110,88.7645,93.1018,88.8108
928,92.3123,88.7595,93.1037,88.8074
929,92.3136,88.7544,93.1057,88.8041
930,92.3149,88.7494,93.1076,88.8008
931,92.3162,88.7443,93.1096,88.7974
932,92.3175,88.7393,93.1115,88.7941
933,92.3188,88.7343,93.1135,88.7907
934,92.3201,88.7292,93.1155,88.7874
935,92.3214,88.7242,93.1170,88.7840
936,92.3227,88.7191,93.1184,88.7807
937,92.3240,88.7141,93.1198,88.7774
938,92.3253,88.7091,93.1211,88.7741
939,92.3266,88.7040,93.1225,88.7707
940,92.3279,88.6990,93.1239,88.7674
941,92.3292,88.6939,93.1252,88.7641
942,92.3305,88.6889,93.1266,88.7608
943,92.3318,88.6838,93.1280,88.7574
944,92.3331,88.6788,93.1294,88.7541
945,92.3344,88.6738,93.1307,88.7508
946,92.3357,88.6687,93.1321,88.7475
947,92.3370,88.6637,93.1335,88.7441
948,92.3383,88.6586,93.1348,88.7408
949,92.3396,88.6536,93.1362,88.7375
950,92.3409,88.6486,93.1380,88.7316
951,92.3422,88.6435,93.1400,88.7247
952,92.3435,88.6385,93.1419,88.7178
953,92.3448,88.6334,93.1439,88.7110
954,92.3461,88.6284,93.1459,88.7041
955,92.3474,88.6233,93.1478,88.6972
956,92.3487,88.6183,93.1498,88.6903
957,92.3500,88.6133,93.1518,88.6835
958,92.3513,88.6082,93.1537,88.6766
959,92.3526,88.6032,93.1557,88.6697
960,92.3539,88.5981,93.1577,88.6629
961,92.3552,88.5931,93.1596,88.6560
962,92.3565,88.5881,93.1616,88.6491
963,92.3578,88.5830,93.1636,88.6422
964,92.3591,88.5780,93.1655,88.6354
965,92.3604,88.5729,93.1670,88.6303
966,92.3617,88.5679,93.1683,88.6257
967,92.3630,88.5628,93.1697,88.6210
968,92.3643,88.5578,93.1711,88.6164
969,92.3656,88.5528,93.1724,88.6118
970,92.3669,88.5477,93.1738,88.6071
971,92.3682,88.5427,93.1751,88.6025
972,92.3695,88.5376,93.1765,88.5978
973,92.3708,88.5326,93.1778,88.5932
974,92.3721,88.5276,93.1792,88.5886
975,92.3734,88.5226,93.1805,88.5839
976,92.3747,88.5176,93.1819,88.5793
977,92.3760,88.5126,93.1832,88.5746
978,92.3773,88.5075,93.1846,88.5700
979,92.3786,88.5025,93.1859,88.5654
980,92.3799,88.4975,93.1877,88.5612
981,92.3812,88.4925,93.1897,88.5573
982,92.3825,88.4875,93.1917,88.5534
983,92.3838,88.4825,93.1936,88.5494
984,92.3851,88.4774,93.1956,88.5455
985,92.3864,88.4724,93.1976,88.5416
986,92.3877,88.4674,93.1995,88.5376
987,92.3890,88.4624,93.2015,88.5337
988,92.3903,88.4574,93.2034,88.5298
989,92.3916,88.4524,93.2054,88.5259
990,92.3929,88.4473,93.2074,88.5219
991,92.3942,88.4423,93.2093,88.5180
992,92.3955,88.4373,93.2113,88.5141
993,92.3968,88.4323,93.2133,88.5101
994,92.3980,88.4273,93.2152,88.5062
995,92.3993,88.4223,93.2167,88.5027
996,92.4006,88.4172,93.2181,88.4994
997,92.4018,88.4122,93.2195,88.4961
998,92.4031,88.4072,93.2209,88.4928
999,92.4044,88.4022,93.2223,88.4894
1000,92.4056,88.3972,93.2236,88.4861
1001,92.4069,88.3922,93.2250,88.4828
1002,92.4082,88.3871,93.2264,88.4794
1003,92.4095,88.3821,93.2278,88.4761
1004,92.4107,88.3771,93.2291,88.4728
1005,92.4120,88.3721,93.2305,88.4695
1006,92.4133,88.3671,93.2319,88.4661
1007,92.4145,88.3621,93.2333,88.4628
1008,92.4158,88.3570,93.2347,88.4595
1009,92.4171,88.3520,93.2360,88.4562
1010,92.4183,88.3470,93.2374,88.4538
1011,92.4196,88.3420,93.2388,88.4517
1012,92.4209,88.3370,93.2402,88.4495
1013,92.4221,88.3320,93.2416,88.4474
1014,92.4234,88.3269,93.2429,88.4452
1015,92.4247,88.3219,93.2443,88.4431
1016,92.4259,88.3169,93.2457,88.4409
1017,92.4272,88.3119,93.2471,88.4388
1018,92.4285,88.3069,93.2484,88.4366
1019,92.4298,88.3019,93.2498,88.4345
1020,92.4310,88.2968,93.2512,88.4323
1021,92.4323,88.2918,93.2526,88.4301
1022,92.4336,88.2868,93.2540,88.4280
1023,92.4348,88.2818,93.2553,88.4258
1024,92.4361,88.2768,93.2567,88.4237
1025,92.4374,88.2718,93.2586,88.4212
1026,92.4386,88.2667,93.2606,88.4186
1027,92.4399,88.2617,93.2625,88.4161
1028,92.4412,88.2567,93.2645,88.4135
1029,92.4424,88.2517,93.2665,88.4110
1030,92.4437,88.2467,93.2684,88.4084
1031,92.4450,88.2417,93.2704,88.4059
1032,92.4462,88.2367,93.2723,88.4033
1033,92.4475,88.2332,93.2743,88.4008
1034,92.4488,88.2298,93.2763,88.3983
1035,92.4500,88.2264,93.2782,88.3957
1036,92.4513,88.2231,93.2802,88.3932
1037,92.4526,88.2197,93.2821,88.3906
1038,92.4539,88.2163,93.2841,88.3881
1039,92.4551,88.2129,93.2860,88.3855
1040,92.4564,88.2096,93.2874,88.3834
1041,92.4577,88.2062,93.2888,88.3812
1042,92.4589,88.2028,93.2901,88.3791
1043,92.4602,88.1995,93.2915,88.3769
1044,92.4615,88.1961,93.2928,88.3748
1045,92.4627,88.1927,93.2942,88.3726
1046,92.4640,88.1893,93.2956,88.3705
1047,92.4653,88.1860,93.2969,88.3683
1048,92.4665,88.1826,93.2983,88.3661
1049,92.4678,88.1792,93.2997,88.3640
1050,92.4691,88.1759,93.3010,88.3618
1051,92.4703,88.1725,93.3024,88.3597
1052,92.4716,88.1691,93.3038,88.3575
1053,92.4729,88.1657,93.3051,88.3554
1054,92.4742,88.1624,93.3065,88.3532
1055,92.4754,88.1590,93.3079,88.3506
1056,92.4767,88.1556,93.3092,88.3481
1057,92.4780,88.1523,93.3106,88.3455
1058,92.4792,88.1489,93.3120,88.3430
1059,92.4805,88.1455,93.3133,88.3404
1060,92.4818,88.1421,93.3147,88.3379
1061,92.4830,88.1388,93.3161,88.3353
1062,92.4843,88.1354,93.3174,88.3328
1063,92.4856,88.1320,93.3188,88.3302
1064,92.4859,88.1286,93.3202,88.3277
1065,92.4861,88.1253,93.3216,88.3251
1066,92.4862,88.1219,93.3229,88.3226
1067,92.4864,88.1185,93.3243,88.3200
1068,92.4865,88.1152,93.3257,88.3175
1069,92.4867,88.1118,93.3271,88.3154
1070,92.4868,88.1084,93.3291,88.3154
1071,92.4869,88.1050,93.3310,88.3154
1072,92.4871,88.1017,93.3330,88.3154
1073,92.4872,88.0983,93.3349,88.3154
1074,92.4874,88.0949,93.3368,88.3154
1075,92.4875,88.0916,93.3388,88.3154
1076,92.4877,88.0882,93.3407,88.3154
1077,92.4878,88.0848,93.3427,88.3154
1078,92.4880,88.0814,93.3446,88.3154
1079,92.4881,88.0781,93.3465,88.3154
1080,92.4883,88.0747,93.3485,88.3154
1081,92.4884,88.0713,93.3504,88.3154
1082,92.4886,88.0680,93.3524,88.3154
1083,92.4887,88.0646,93.3543,88.3154
1084,92.4889,88.0612,93.3562,88.3152
1085,92.4890,88.0578,93.3575,88.3125
1086,92.4892,88.0545,93.3588,88.3099
1087,92.4893,88.0511,93.3602,88.3072
1088,92.4894,88.0477,93.3615,88.3046
1089,92.4896,88.0444,93.3628,88.3019
1090,92.4897,88.0410,93.3641,88.2993
1091,92.4899,88.0376,93.3655,88.2966
1092,92.4900,88.0341,93.3668,88.2940
1093,92.4902,88.0292,93.3681,88.2913
1094,92.4903,88.0242,93.3694,88.2887
1095,92.4905,88.0192,93.3707,88.2860
1096,92.4906,88.0143,93.3721,88.2834
1097,92.4908,88.0093,93.3734,88.2807
1098,92.4909,88.0043,93.3747,88.2781
1099,92.4911,87.9994,93.3760,88.2754
1100,92.4912,87.9944,93.3774,88.2732
1101,92.4914,87.9895,93.3788,88.2712
1102,92.4915,87.9845,93.3801,88.2692
1103,92.4917,87.9795,93.3815,88.2672
1104,92.4918,87.9746,93.3829,88.2653
1105,92.4919,87.9696,93.3842,88.2633
1106,92.4921,87.9646,93.3856,88.2613
1107,92.4922,87.9597,93.3870,88.2593
1108,92.4924,87.9547,93.3884,88.2574
1109,92.4925,87.9497,93.3897,88.2554
1110,92.4927,87.9448,93.3911,88.2534
1111,92.4928,87.9398,93.3925,88.2514
1112,92.4930,87.9348,93.3938,88.2495
1113,92.4931,87.9299,93.3952,88.2475
1114,92.4933,87.9249,93.3966,88.2455
1115,92.4934,87.9200,93.3980,88.2431
1116,92.4936,87.9150,93.3993,88.2404
1117,92.4937,87.9100,93.4007,88.2377
1118,92.4939,87.9051,93.4020,88.2350
1119,92.4940,87.9001,93.4034,88.2323
1120,92.4942,87.8951,93.4048,88.2296
1121,92.4943,87.8902,93.4061,88.2269
1122,92.4944,87.8852,93.4075,88.2242
1123,92.4946,87.8802,93.4088,88.2215
1124,92.4947,87.8753,93.4102,88.2188
1125,92.4949,87.8703,93.4116,88.2161
1126,92.4950,87.8653,93.4129,88.2134
1127,92.4952,87.8604,93.4143,88.2107
1128,92.4953,87.8554,93.4156,88.2080
1129,92.4955,87.8505,93.4170,88.2053
1130,92.4956,87.8455,93.4184,88.2025
1131,92.4958,87.8405,93.4197,88.1998
1132,92.4959,87.8356,93.4211,88.1971
1133,92.4961,87.8306,93.4225,88.1943
1134,92.4984,87.8256,93.4238,88.1916
1135,92.5008,87.8207,93.4252,88.1888
1136,92.5031,87.8157,93.4265,88.1861
1137,92.5054,87.8107,93.4279,88.1833
1138,92.5077,87.8058,93.4293,88.1806
1139,92.5100,87.8008,93.4306,88.1779
1140,92.5123,87.7958,93.4320,88.1751
1141,92.5146,87.7909,93.4334,88.1724
1142,92.5169,87.7859,93.4347,88.1696
1143,92.5192,87.7810,93.4361,88.1669
1144,92.5215,87.7760,93.4375,88.1642
1145,92.5238,87.7710,93.4388,88.1610
1146,92.5261,87.7661,93.4402,88.1577
1147,92.5284,87.7611,93.4416,88.1543
1148,92.5307,87.7561,93.4429,88.1510
1149,92.5330,87.7512,93.4443,88.1476
1150,92.5353,87.7462,93.4457,88.1443
1151,92.5376,87.7412,93.4471,88.1409
1152,92.5399,87.7363,93.4484,88.1376
1153,92.5422,87.7324,93.4498,88.1343
1154,92.5445,87.7290,93.4512,88.1309
1155,92.5468,87.7256,93.4525,88.1276
1156,92.5491,87.7223,93.4539,88.1242
1157,92.5515,87.7189,93.4553,88.1209
1158,92.5538,87.7156,93.4567,88.1175
1159,92.5561,87.7122,93.4580,88.1142
1160,92.5584,87.7089,93.4593,88.1104
1161,92.5607,87.7055,93.4604,88.1065
1162,92.5630,87.7022,93.4616,88.1026
1163,92.5653,87.6988,93.4628,88.0987
1164,92.5676,87.6954,93.4640,88.0948
1165,92.5699,87.6921,93.4652,88.0909
1166,92.5722,87.6887,93.4664,88.0870
1167,92.5745,87.6854,93.4676,88.0830
1168,92.5768,87.6820,93.4688,88.0791
1169,92.5791,87.6787,93.4699,88.0752
1170,92.5814,87.6753,93.4711,88.0713
1171,92.5837,87.6719,93.4723,88.0674
1172,92.5860,87.6686,93.4735,88.0635
1173,92.5883,87.6652,93.4747,88.0596
1174,92.5906,87.6619,93.4759,88.0557
1175,92.5929,87.6585,93.4772,88.0532
1176,92.5952,87.6552,93.4786,88.0510
1177,92.5975,87.6518,93.4800,88.0488
1178,92.5999,87.6484,93.4813,88.0467
1179,92.6022,87.6451,93.4827,88.0445
1180,92.6045,87.6417,93.4841,88.0424
1181,92.6068,87.6384,93.4854,88.0402
1182,92.6091,87.6350,93.4868,88.0380
1183,92.6114,87.6317,93.4882,88.0359
1184,92.6137,87.6283,93.4896,88.0337
1185,92.6160,87.6249,93.4909,88.0315
1186,92.6183,87.6216,93.4923,88.0294
1187,92.6206,87.6182,93.4937,88.0272
1188,92.6229,87.6149,93.4950,88.0250
1189,92.6252,87.6115,93.4964,88.0229
1190,92.6275,87.6082,93.4978,88.0204
1191,92.6298,87.6048,93.4992,88.0178
1192,92.6321,87.6015,93.5005,88.0153
1193,92.6344,87.5981,93.5019,88.0127
1194,92.6367,87.5947,93.5033,88.0102
1195,92.6390,87.5914,93.5046,88.0077
1196,92.6413,87.5880,93.5060,88.0051
1197,92.6436,87.5847,93.5074,88.0026
1198,92.6459,87.5813,93.5088,88.0000
1199,92.6483,87.5780,93.5101,87.9975
1200,92.6506,87.5746,93.5115,87.9949
1201,92.6529,87.5712,93.5129,87.9924
1202,92.6552,87.5679,93.5142,87.9898
1203,92.6573,87.5645,93.5156,87.9873
1204,92.6590,87.5612,93.5170,87.9848
1205,92.6607,87.5578,93.5184,87.9813
1206,92.6624,87.5545,93.5197,87.9777
1207,92.6641,87.5511,93.5211,87.9742
1208,92.6658,87.5477,93.5225,87.9707
1209,92.6676,87.5444,93.5238,87.9672
1210,92.6693,87.5410,93.5252,87.9636
1211,92.6710,87.5377,93.5266,87.9601
1212,92.6727,87.5343,93.5279,87.9566
1213,92.6744,87.5310,93.5293,87.9531
1214,92.6761,87.5276,93.5307,87.9495
1215,92.6778,87.5243,93.5321,87.9460
1216,92.6795,87.5209,93.5334,87.9425
1217,92.6812,87.5176,93.5348,87.9390
1218,92.6829,87.5142,93.5362,87.9354
1219,92.6846,87.5109,93.5375,87.9320
1220,92.6863,87.5075,93.5389,87.9309
1221,92.6880,87.5042,93.5402,87.9297
1222,92.6897,87.5008,93.5416,87.9285
1223,92.6914,87.4975,93.5430,87.9274
1224,92.6931,87.4941,93.5443,87.9262
1225,92.6949,87.4908,93.5457,87.9250
1226,92.6966,87.4874,93.5470,87.9239
1227,92.6983,87.4841,93.5484,87.9227
1228,92.7000,87.4808,93.5497,87.9215
1229,92.7017,87.4774,93.5511,87.9204
1230,92.7034,87.4741,93.5524,87.9192
1231,92.7051,87.4707,93.5538,87.9180
1232,92.7068,87.4674,93.5551,87.9169
1233,92.7085,87.4640,93.5565,87.9157
1234,92.7102,87.4607,93.5579,87.9145
1235,92.7119,87.4573,93.5592,87.9124
1236,92.7136,87.4540,93.5606,87.9103
1237,92.7153,87.4506,93.5620,87.9081
1238,92.7170,87.4473,93.5634,87.9060
1239,92.7187,87.4439,93.5648,87.9038
1240,92.7204,87.4406,93.5662,87.9017
1241,92.7222,87.4372,93.5675,87.8995
1242,92.7239,87.4339,93.5689,87.8974
1243,92.7256,87.4305,93.5703,87.8952
1244,92.7273,87.4272,93.5717,87.8930
1245,92.7290,87.4238,93.5731,87.8909
1246,92.7307,87.4205,93.5745,87.8887
1247,92.7324,87.4171,93.5759,87.8866
1248,92.7341,87.4138,93.5772,87.8844
1249,92.7358,87.4104,93.5786,87.8823
1250,92.7375,87.4071,93.5800,87.8809
1251,92.7392,87.4038,93.5814,87.8795
1252,92.7409,87.4004,93.5827,87.8782
1253,92.7426,87.3971,93.5841,87.8768
1254,92.7443,87.3937,93.5854,87.8754
1255,92.7460,87.3904,93.5868,87.8740
1256,92.7477,87.3870,93.5882,87.8726
1257,92.7494,87.3837,93.5895,87.8713
1258,92.7512,87.3803,93.5909,87.8699
1259,92.7529,87.3770,93.5923,87.8685
1260,92.7546,87.3736,93.5936,87.8671
1261,92.7563,87.3703,93.5950,87.8657
1262,92.7580,87.3669,93.5964,87.8644
1263,92.7597,87.3636,93.5977,87.8630
1264,92.7614,87.3602,93.5991,87.8616
1265,92.7631,87.3569,93.6002,87.8605
1266,92.7648,87.3535,93.6014,87.8593
1267,92.7665,87.3502,93.6026,87.8581
1268,92.7682,87.3468,93.6038,87.8569
1269,92.7699,87.3435,93.6049,87.8558
1270,92.7716,87.3401,93.6061,87.8546
1271,92.7733,87.3368,93.6073,87.8534
1272,92.7750,87.3335,93.6084,87.8522
1273,92.7767,87.3301,93.6096,87.8511
1274,92.7764,87.3267,93.6108,87.8499
1275,92.7758,87.3234,93.6120,87.8487
1276,92.7752,87.3200,93.6131,87.8476
1277,92.7747,87.3167,93.6143,87.8464
1278,92.7741,87.3133,93.6155,87.8452
1279,92.7735,87.3100,93.6166,87.8438
1280,92.7730,87.3066,93.6174,87.8410
1281,92.7724,87.3033,93.6181,87.8383
1282,92.7718,87.2999,93.6189,87.8355
1283,92.7713,87.2966,93.6197,87.8328
1284,92.7707,87.2932,93.6205,87.8301
1285,92.7701,87.2899,93.6213,87.8273
1286,92.7696,87.2865,93.6221,87.8246
1287,92.7690,87.2832,93.6229,87.8218
1288,92.7684,87.2798,93.6236,87.8191
1289,92.7679,87.2765,93.6244,87.8163
1290,92.7673,87.2731,93.6252,87.8136
1291,92.7667,87.2698,93.6260,87.8109
1292,92.7662,87.2664,93.6268,87.8081
1293,92.7656,87.2631,93.6276,87.8054
1294,92.7650,87.2597,93.6285,87.8030
1295,92.7645,87.2563,93.6299,87.8016
1296,92.7639,87.2530,93.6312,87.8003
1297,92.7633,87.2496,93.6326,87.7989
1298,92.7628,87.2463,93.6340,87.7975
1299,92.7622,87.2429,93.6353,87.7961
1300,92.7616,87.2396,93.6367,87.7948
1301,92.7611,87.2362,93.6381,87.7934
1302,92.7605,87.2329,93.6395,87.7920
1303,92.7599,87.2295,93.6408,87.7907
1304,92.7594,87.2262,93.6422,87.7893
1305,92.7588,87.2228,93.6436,87.7879
1306,92.7582,87.2195,93.6449,87.7865
1307,92.7577,87.2161,93.6463,87.7852
1308,92.7571,87.2128,93.6477,87.7838
1309,92.7565,87.2094,93.6491,87.7824
1310,92.7560,87.2061,93.6504,87.7811
1311,92.7554,87.2027,93.6518,87.7797
1312,92.7548,87.1994,93.6531,87.7783
1313,92.7543,87.1960,93.6545,87.7770
1314,92.7537,87.1927,93.6559,87.7756
1315,92.7531,87.1893,93.6572,87.7743
1316,92.7526,87.1860,93.6586,87.7729
1317,92.7520,87.1826,93.6599,87.7715
1318,92.7514,87.1792,93.6613,87.7702
1319,92.7509,87.1759,93.6627,87.7688
1320,92.7503,87.1725,93.6640,87.7675
1321,92.7497,87.1692,93.6654,87.7661
1322,92.7492,87.1658,93.6668,87.7647
1323,92.7486,87.1625,93.6681,87.7634
1324,92.7480,87.1591,93.6694,87.7617
1325,92.7474,87.1558,93.6706,87.7591
1326,92.7469,87.1524,93.6717,87.7564
1327,92.7463,87.1491,93.6728,87.7538
1328,92.7457,87.1457,93.6740,87.7511
1329,92.7452,87.1424,93.6751,87.7485
1330,92.7446,87.1390,93.6762,87.7458
1331,92.7440,87.1357,93.6773,87.7432
1332,92.7435,87.1324,93.6785,87.7405
1333,92.7429,87.1292,93.6796,87.7379
1334,92.7423,87.1261,93.6807,87.7353
1335,92.7418,87.1229,93.6819,87.7326
1336,92.7412,87.1198,93.6830,87.7300
1337,92.7406,87.1166,93.6841,87.7273
1338,92.7401,87.1135,93.6853,87.7247
1339,92.7395,87.1103,93.6864,87.7220
1340,92.7389,87.1072,93.6873,87.7205
1341,92.7384,87.1040,93.6880,87.7193
1342,92.7378,87.1009,93.6888,87.7182
1343,92.7373,87.0977,93.6896,87.7170
1344,92.7376,87.0946,93.6904,87.7158
1345,92.7379,87.0915,93.6912,87.7146
1346,92.7382,87.0883,93.6920,87.7134
1347,92.7385,87.0852,93.6928,87.7122
1348,92.7388,87.0820,93.6935,87.7111
1349,92.7391,87.0789,93.6943,87.7099
1350,92.7394,87.0757,93.6951,87.7087
1351,92.7397,87.0726,93.6959,87.7075
1352,92.7400,87.0694,93.6967,87.7063
1353,92.7403,87.0663,93.6975,87.7052
1354,92.7406,87.0631,93.6982,87.7040
1355,92.7409,87.0600,93.6995,87.7026
1356,92.7412,87.0568,93.7009,87.7013
1357,92.7415,87.0537,93.7023,87.6999
1358,92.7418,87.0505,93.7036,87.6985
1359,92.7421,87.0474,93.7050,87.6972
1360,92.7424,87.0442,93.7064,87.6958
1361,92.7427,87.0411,93.7078,87.6944
1362,92.7430,87.0379,93.7091,87.6931
1363,92.7433,87.0348,93.7105,87.6917
1364,92.7436,87.0316,93.7119,87.6903
1365,92.7439,87.0285,93.7132,87.6889
1366,92.7442,87.0253,93.7146,87.6876
1367,92.7444,87.0222,93.7160,87.6862
1368,92.7447,87.0190,93.7173,87.6848
1369,92.7450,87.0159,93.7187,87.6835
1370,92.7453,87.0127,93.7194,87.6821
1371,92.7456,87.0096,93.7199,87.6808
1372,92.7459,87.0064,93.7205,87.6794
1373,92.7462,87.0033,93.7211,87.6780
1374,92.7465,87.0001,93.7217,87.6767
1375,92.7468,86.9970,93.7223,87.6753
1376,92.7471,86.9939,93.7229,87.6740
1377,92.7474,86.9907,93.7235,87.6726
1378,92.7477,86.9876,93.7241,87.6713
1379,92.7480,86.9844,93.7246,87.6699
1380,92.7483,86.9813,93.7252,87.6686
1381,92.7486,86.9781,93.7258,87.6672
1382,92.7489,86.9750,93.7264,87.6658
1383,92.7492,86.9718,93.7270,87.6645
1384,92.7495,86.9687,93.7276,87.6631
1385,92.7498,86.9655,93.7288,87.6618
1386,92.7501,86.9624,93.7302,87.6604
1387,92.7504,86.9592,93.7316,87.6590
1388,92.7507,86.9561,93.7329,87.6577
1389,92.7510,86.9529,93.7343,87.6563
1390,92.7512,86.9498,93.7357,87.6549
1391,92.7515,86.9466,93.7370,87.6536
1392,92.7518,86.9435,93.7384,87.6522
1393,92.7521,86.9401,93.7398,87.6508
1394,92.7524,86.9367,93.7411,87.6494
1395,92.7527,86.9334,93.7425,87.6481
1396,92.7530,86.9300,93.7439,87.6467
1397,92.7533,86.9266,93.7452,87.6453
1398,92.7536,86.9232,93.7466,87.6440
1399,92.7539,86.9199,93.7480,87.6426
1400,92.7542,86.9165,93.7494,87.6412
