# Cho et al. Cryogenics 46 (2006) 778-793, Fig. 5
# LOX T vs time, T_LOX,i=91 K, T_He=288 K.
# P=1 bar measured/calculated (V_He/V_LOX=1.39 min^-1, 100 L/min);
# P=3 bar measured/calculated (V_He/V_LOX=1.21 min^-1, 87 L/min).
# Digitized from vector markers (measured) and polylines (calculated); legend frame excluded.
# 1 Hz linear interpolation of extracted vertices (no cubic overshoot).
time_s,P1bar_measured,P3bar_measured,P1bar_calculated,P3bar_calculated
0,90.8038,91.5264,90.1204,91.5096
1,90.8038,91.5264,90.1204,91.5096
2,90.8013,91.5264,90.1204,91.5096
3,90.7898,91.5264,90.1204,91.5096
4,90.7782,91.5264,90.1204,91.5096
5,90.7666,91.5264,90.1204,91.5096
6,90.7550,91.5264,90.1204,91.5096
7,90.7435,91.5264,90.1204,91.5096
8,90.7319,91.5264,90.1204,91.5096
9,90.7203,91.5264,90.1204,91.5096
10,90.7088,91.5264,90.1204,91.5096
11,90.6972,91.5264,90.1204,91.5096
12,90.6856,91.5264,90.1204,91.5096
13,90.6740,91.5264,90.1173,91.5110
14,90.6625,91.5264,90.1132,91.5128
15,90.6509,91.5264,90.1091,91.5147
16,90.6393,91.5264,90.1051,91.5165
17,90.6278,91.5264,90.1010,91.5184
18,90.6162,91.5264,90.0969,91.5203
19,90.6046,91.5264,90.0928,91.5221
20,90.5930,91.5264,90.0888,91.5240
21,90.5815,91.5264,90.0847,91.5258
22,90.5699,91.5264,90.0806,91.5277
23,90.5583,91.5264,90.0765,91.5295
24,90.5468,91.5264,90.0725,91.5314
25,90.5352,91.5264,90.0684,91.5332
26,90.5236,91.5264,90.0643,91.5351
27,90.5121,91.5264,90.0602,91.5369
28,90.5005,91.5264,90.0570,91.5381
29,90.4889,91.5264,90.0543,91.5389
30,90.4773,91.5264,90.0516,91.5396
31,90.4658,91.5264,90.0489,91.5404
32,90.4542,91.5264,90.0462,91.5412
33,90.4426,91.5264,90.0435,91.5420
34,90.4311,91.5264,90.0408,91.5427
35,90.4195,91.5264,90.0381,91.5435
36,90.4079,91.5264,90.0354,91.5443
37,90.3963,91.5264,90.0327,91.5451
38,90.3848,91.5264,90.0300,91.5458
39,90.3732,91.5264,90.0273,91.5466
40,90.3616,91.5264,90.0246,91.5474
41,90.3501,91.5264,90.0219,91.5481
42,90.3385,91.5264,90.0191,91.5491
43,90.3269,91.5264,90.0157,91.5509
44,90.3153,91.5264,90.0124,91.5528
45,90.3038,91.5264,90.0091,91.5546
46,90.2922,91.5264,90.0057,91.5565
47,90.2806,91.5264,90.0024,91.5583
48,90.2691,91.5264,89.9991,91.5602
49,90.2575,91.5264,89.9957,91.5620
50,90.2459,91.5264,89.9924,91.5639
51,90.2343,91.5264,89.9890,91.5658
52,90.2228,91.5264,89.9857,91.5676
53,90.2112,91.5264,89.9824,91.5695
54,90.1996,91.5264,89.9790,91.5713
55,90.1881,91.5264,89.9757,91.5732
56,90.1765,91.5264,89.9724,91.5750
57,90.1650,91.5264,89.9690,91.5769
58,90.1571,91.5257,89.9664,91.5776
59,90.1491,91.5251,89.9639,91.5783
60,90.1411,91.5244,89.9613,91.5791
61,90.1332,91.5238,89.9587,91.5798
62,90.1252,91.5231,89.9561,91.5806
63,90.1173,91.5224,89.9535,91.5813
64,90.1093,91.5218,89.9509,91.5820
65,90.1014,91.5211,89.9483,91.5828
66,90.0934,91.5205,89.9457,91.5835
67,90.0854,91.5198,89.9431,91.5843
68,90.0775,91.5192,89.9405,91.5850
69,90.0695,91.5185,89.9379,91.5858
70,90.0616,91.5179,89.9353,91.5865
71,90.0536,91.5172,89.9327,91.5872
72,90.0457,91.5166,89.9301,91.5880
73,90.0377,91.5159,89.9262,91.5894
74,90.0297,91.5152,89.9221,91.5909
75,90.0218,91.5146,89.9180,91.5924
76,90.0138,91.5139,89.9140,91.5939
77,90.0059,91.5133,89.9099,91.5953
78,89.9979,91.5126,89.9058,91.5968
79,89.9900,91.5120,89.9017,91.5983
80,89.9820,91.5113,89.8977,91.5998
81,89.9740,91.5107,89.8936,91.6013
82,89.9661,91.5100,89.8895,91.6028
83,89.9581,91.5093,89.8854,91.6042
84,89.9502,91.5087,89.8813,91.6057
85,89.9422,91.5080,89.8773,91.6072
86,89.9343,91.5074,89.8732,91.6087
87,89.9263,91.5067,89.8691,91.6102
88,89.9184,91.5061,89.8661,91.6114
89,89.9104,91.5054,89.8634,91.6125
90,89.9024,91.5048,89.8607,91.6137
91,89.8945,91.5041,89.8580,91.6149
92,89.8865,91.5035,89.8553,91.6160
93,89.8786,91.5028,89.8526,91.6172
94,89.8706,91.5021,89.8499,91.6183
95,89.8627,91.5015,89.8472,91.6195
96,89.8547,91.5008,89.8445,91.6206
97,89.8467,91.5002,89.8418,91.6218
98,89.8388,91.4995,89.8391,91.6229
99,89.8308,91.4989,89.8364,91.6241
100,89.8229,91.4982,89.8337,91.6252
101,89.8149,91.4976,89.8310,91.6264
102,89.8070,91.4969,89.8279,91.6276
103,89.7990,91.4962,89.8238,91.6291
104,89.7910,91.4956,89.8198,91.6306
105,89.7831,91.4949,89.8157,91.6321
106,89.7751,91.4943,89.8116,91.6336
107,89.7672,91.4936,89.8075,91.6351
108,89.7592,91.4930,89.8034,91.6365
109,89.7513,91.4923,89.7994,91.6380
110,89.7433,91.4917,89.7953,91.6395
111,89.7353,91.4910,89.7912,91.6410
112,89.7274,91.4903,89.7871,91.6425
113,89.7194,91.4897,89.7830,91.6440
114,89.7115,91.4890,89.7790,91.6455
115,89.7035,91.4884,89.7749,91.6469
116,89.6956,91.4877,89.7708,91.6484
117,89.6877,91.4877,89.7670,91.6500
118,89.6802,91.4904,89.7644,91.6518
119,89.6727,91.4931,89.7618,91.6537
120,89.6652,91.4958,89.7592,91.6555
121,89.6577,91.4985,89.7566,91.6574
122,89.6502,91.5013,89.7540,91.6592
123,89.6428,91.5040,89.7514,91.6611
124,89.6353,91.5067,89.7488,91.6630
125,89.6278,91.5094,89.7462,91.6648
126,89.6203,91.5121,89.7437,91.6667
127,89.6128,91.5148,89.7411,91.6685
128,89.6053,91.5175,89.7385,91.6704
129,89.5978,91.5203,89.7359,91.6722
130,89.5903,91.5230,89.7333,91.6741
131,89.5828,91.5257,89.7307,91.6759
132,89.5754,91.5284,89.7280,91.6777
133,89.5679,91.5311,89.7239,91.6785
134,89.5604,91.5338,89.7198,91.6792
135,89.5529,91.5365,89.7158,91.6799
136,89.5454,91.5393,89.7117,91.6807
137,89.5379,91.5420,89.7076,91.6814
138,89.5304,91.5447,89.7035,91.6822
139,89.5229,91.5474,89.6994,91.6829
140,89.5155,91.5501,89.6954,91.6836
141,89.5080,91.5528,89.6913,91.6844
142,89.5005,91.5555,89.6872,91.6851
143,89.4930,91.5583,89.6831,91.6859
144,89.4855,91.5610,89.6791,91.6866
145,89.4780,91.5637,89.6750,91.6874
146,89.4705,91.5664,89.6709,91.6881
147,89.4630,91.5691,89.6668,91.6888
148,89.4555,91.5718,89.6629,91.6900
149,89.4481,91.5745,89.6591,91.6911
150,89.4406,91.5773,89.6552,91.6923
151,89.4331,91.5800,89.6513,91.6935
152,89.4256,91.5827,89.6475,91.6946
153,89.4181,91.5854,89.6436,91.6958
154,89.4106,91.5881,89.6398,91.6969
155,89.4031,91.5908,89.6359,91.6981
156,89.3956,91.5935,89.6320,91.6993
157,89.3881,91.5963,89.6282,91.7004
158,89.3807,91.5990,89.6243,91.7016
159,89.3732,91.6017,89.6204,91.7027
160,89.3657,91.6044,89.6166,91.7039
161,89.3582,91.6071,89.6127,91.7050
162,89.3507,91.6098,89.6088,91.7063
163,89.3432,91.6125,89.6047,91.7078
164,89.3357,91.6153,89.6006,91.7093
165,89.3282,91.6180,89.5965,91.7108
166,89.3207,91.6207,89.5925,91.7123
167,89.3133,91.6234,89.5884,91.7137
168,89.3058,91.6261,89.5843,91.7152
169,89.2983,91.6288,89.5802,91.7167
170,89.2908,91.6315,89.5762,91.7182
171,89.2833,91.6343,89.5721,91.7197
172,89.2758,91.6370,89.5680,91.7211
173,89.2683,91.6397,89.5639,91.7226
174,89.2608,91.6424,89.5599,91.7241
175,89.2534,91.6451,89.5558,91.7256
176,89.2459,91.6478,89.5517,91.7271
177,89.2391,91.6503,89.5482,91.7285
178,89.2339,91.6521,89.5460,91.7300
179,89.2286,91.6540,89.5438,91.7315
180,89.2234,91.6559,89.5416,91.7330
181,89.2182,91.6577,89.5393,91.7345
182,89.2129,91.6596,89.5371,91.7360
183,89.2077,91.6615,89.5349,91.7374
184,89.2024,91.6634,89.5327,91.7389
185,89.1972,91.6652,89.5304,91.7404
186,89.1920,91.6671,89.5282,91.7419
187,89.1867,91.6690,89.5260,91.7434
188,89.1815,91.6709,89.5238,91.7449
189,89.1762,91.6727,89.5215,91.7463
190,89.1710,91.6746,89.5193,91.7478
191,89.1657,91.6765,89.5171,91.7493
192,89.1605,91.6783,89.5145,91.7509
193,89.1553,91.6802,89.5108,91.7527
194,89.1500,91.6821,89.5071,91.7546
195,89.1448,91.6840,89.5034,91.7564
196,89.1395,91.6858,89.4997,91.7583
197,89.1343,91.6877,89.4960,91.7601
198,89.1291,91.6896,89.4923,91.7620
199,89.1238,91.6914,89.4886,91.7638
200,89.1186,91.6933,89.4849,91.7657
201,89.1133,91.6952,89.4812,91.7676
202,89.1081,91.6971,89.4775,91.7694
203,89.1028,91.6989,89.4738,91.7713
204,89.0976,91.7008,89.4701,91.7731
205,89.0924,91.7027,89.4664,91.7750
206,89.0871,91.7045,89.4627,91.7768
207,89.0819,91.7064,89.4589,91.7787
208,89.0766,91.7083,89.4547,91.7802
209,89.0714,91.7102,89.4504,91.7817
210,89.0662,91.7120,89.4462,91.7833
211,89.0609,91.7139,89.4419,91.7848
212,89.0557,91.7158,89.4377,91.7864
213,89.0504,91.7177,89.4335,91.7879
214,89.0452,91.7195,89.4292,91.7895
215,89.0399,91.7214,89.4250,91.7910
216,89.0347,91.7233,89.4207,91.7926
217,89.0295,91.7251,89.4165,91.7941
218,89.0242,91.7270,89.4122,91.7957
219,89.0190,91.7289,89.4080,91.7972
220,89.0137,91.7308,89.4037,91.7987
221,89.0085,91.7326,89.3995,91.8003
222,89.0033,91.7345,89.3958,91.8011
223,88.9980,91.7364,89.3924,91.8015
224,88.9928,91.7382,89.3891,91.8019
225,88.9875,91.7401,89.3858,91.8022
226,88.9823,91.7420,89.3824,91.8026
227,88.9770,91.7439,89.3791,91.8030
228,88.9718,91.7457,89.3757,91.8034
229,88.9666,91.7476,89.3724,91.8037
230,88.9613,91.7495,89.3690,91.8041
231,88.9561,91.7513,89.3657,91.8045
232,88.9508,91.7532,89.3624,91.8048
233,88.9456,91.7551,89.3590,91.8052
234,88.9403,91.7570,89.3557,91.8056
235,88.9351,91.7588,89.3523,91.8059
236,88.9299,91.7607,89.3490,91.8063
237,88.9247,91.7626,89.3453,91.8072
238,88.9195,91.7645,89.3412,91.8087
239,88.9144,91.7663,89.3371,91.8102
240,88.9092,91.7682,89.3331,91.8117
241,88.9041,91.7701,89.3290,91.8132
242,88.8989,91.7719,89.3249,91.8147
243,88.8938,91.7738,89.3208,91.8161
244,88.8886,91.7757,89.3168,91.8176
245,88.8835,91.7776,89.3127,91.8191
246,88.8783,91.7794,89.3086,91.8206
247,88.8732,91.7813,89.3045,91.8221
248,88.8680,91.7832,89.3005,91.8236
249,88.8629,91.7850,89.2964,91.8250
250,88.8577,91.7869,89.2923,91.8265
251,88.8526,91.7888,89.2882,91.8280
252,88.8474,91.7907,89.2847,91.8293
253,88.8423,91.7925,89.2821,91.8305
254,88.8371,91.7944,89.2795,91.8316
255,88.8320,91.7963,89.2769,91.8327
256,88.8268,91.7982,89.2743,91.8338
257,88.8217,91.8000,89.2717,91.8349
258,88.8165,91.8019,89.2691,91.8360
259,88.8114,91.8038,89.2665,91.8371
260,88.8062,91.8056,89.2639,91.8382
261,88.8011,91.8075,89.2613,91.8393
262,88.7959,91.8094,89.2587,91.8404
263,88.7908,91.8113,89.2562,91.8415
264,88.7856,91.8131,89.2536,91.8426
265,88.7805,91.8150,89.2510,91.8438
266,88.7753,91.8169,89.2484,91.8449
267,88.7702,91.8187,89.2454,91.8461
268,88.7650,91.8206,89.2416,91.8476
269,88.7599,91.8225,89.2377,91.8492
270,88.7547,91.8244,89.2339,91.8507
271,88.7496,91.8262,89.2300,91.8523
272,88.7444,91.8281,89.2261,91.8538
273,88.7393,91.8300,89.2223,91.8554
274,88.7341,91.8319,89.2184,91.8569
275,88.7290,91.8337,89.2146,91.8585
276,88.7238,91.8356,89.2107,91.8600
277,88.7187,91.8375,89.2068,91.8615
278,88.7135,91.8393,89.2030,91.8631
279,88.7084,91.8412,89.1991,91.8646
280,88.7032,91.8431,89.1953,91.8662
281,88.6981,91.8450,89.1914,91.8677
282,88.6929,91.8468,89.1879,91.8692
283,88.6878,91.8487,89.1846,91.8707
284,88.6827,91.8506,89.1813,91.8722
285,88.6775,91.8524,89.1779,91.8737
286,88.6724,91.8543,89.1746,91.8752
287,88.6672,91.8562,89.1713,91.8766
288,88.6621,91.8581,89.1679,91.8781
289,88.6569,91.8599,89.1646,91.8796
290,88.6518,91.8618,89.1612,91.8811
291,88.6466,91.8637,89.1579,91.8826
292,88.6415,91.8656,89.1546,91.8841
293,88.6363,91.8674,89.1512,91.8855
294,88.6312,91.8693,89.1479,91.8870
295,88.6260,91.8712,89.1446,91.8885
296,88.6209,91.8730,89.1412,91.8900
297,88.6152,91.8749,89.1379,91.8912
298,88.6093,91.8766,89.1345,91.8923
299,88.6034,91.8784,89.1312,91.8935
300,88.5975,91.8802,89.1279,91.8946
301,88.5916,91.8820,89.1245,91.8957
302,88.5857,91.8837,89.1212,91.8968
303,88.5798,91.8855,89.1179,91.8979
304,88.5739,91.8873,89.1145,91.8990
305,88.5681,91.8891,89.1112,91.9001
306,88.5622,91.8909,89.1079,91.9012
307,88.5563,91.8926,89.1045,91.9024
308,88.5504,91.8944,89.1012,91.9035
309,88.5445,91.8962,89.0979,91.9046
310,88.5386,91.8980,89.0945,91.9057
311,88.5327,91.8998,89.0912,91.9068
312,88.5268,91.9015,89.0871,91.9081
313,88.5209,91.9033,89.0823,91.9096
314,88.5150,91.9051,89.0774,91.9111
315,88.5091,91.9069,89.0726,91.9126
316,88.5032,91.9087,89.0678,91.9141
317,88.4973,91.9104,89.0630,91.9155
318,88.4914,91.9122,89.0582,91.9170
319,88.4855,91.9140,89.0533,91.9185
320,88.4796,91.9158,89.0485,91.9200
321,88.4737,91.9175,89.0437,91.9215
322,88.4678,91.9193,89.0389,91.9230
323,88.4619,91.9211,89.0341,91.9244
324,88.4560,91.9229,89.0292,91.9259
325,88.4501,91.9247,89.0244,91.9274
326,88.4442,91.9264,89.0196,91.9289
327,88.4383,91.9282,89.0157,91.9299
328,88.4324,91.9300,89.0130,91.9303
329,88.4265,91.9318,89.0103,91.9307
330,88.4206,91.9336,89.0075,91.9311
331,88.4147,91.9353,89.0048,91.9315
332,88.4088,91.9371,89.0021,91.9318
333,88.4030,91.9389,88.9994,91.9322
334,88.3971,91.9407,88.9967,91.9326
335,88.3912,91.9425,88.9940,91.9330
336,88.3853,91.9442,88.9913,91.9334
337,88.3794,91.9460,88.9886,91.9338
338,88.3735,91.9478,88.9859,91.9342
339,88.3676,91.9496,88.9832,91.9345
340,88.3617,91.9513,88.9805,91.9349
341,88.3558,91.9531,88.9778,91.9353
342,88.3499,91.9549,88.9738,91.9367
343,88.3440,91.9567,88.9698,91.9382
344,88.3381,91.9585,88.9657,91.9397
345,88.3322,91.9602,88.9616,91.9412
346,88.3263,91.9620,88.9575,91.9426
347,88.3204,91.9638,88.9535,91.9441
348,88.3145,91.9656,88.9494,91.9456
349,88.3086,91.9674,88.9453,91.9471
350,88.3027,91.9691,88.9412,91.9486
351,88.2968,91.9709,88.9372,91.9501
352,88.2909,91.9727,88.9331,91.9515
353,88.2850,91.9745,88.9290,91.9530
354,88.2791,91.9763,88.9249,91.9545
355,88.2732,91.9780,88.9209,91.9560
356,88.2673,91.9798,88.9168,91.9575
357,88.2632,91.9819,88.9133,91.9590
358,88.2594,91.9840,88.9100,91.9604
359,88.2557,91.9862,88.9066,91.9619
360,88.2519,91.9883,88.9033,91.9634
361,88.2482,91.9905,88.9000,91.9649
362,88.2444,91.9927,88.8966,91.9664
363,88.2407,91.9948,88.8933,91.9678
364,88.2370,91.9970,88.8900,91.9693
365,88.2332,91.9991,88.8866,91.9708
366,88.2295,92.0013,88.8833,91.9723
367,88.2257,92.0034,88.8800,91.9737
368,88.2220,92.0056,88.8766,91.9752
369,88.2182,92.0077,88.8733,91.9767
370,88.2145,92.0099,88.8700,91.9782
371,88.2107,92.0120,88.8666,91.9797
372,88.2070,92.0142,88.8633,91.9809
373,88.2033,92.0163,88.8600,91.9820
374,88.1995,92.0185,88.8566,91.9831
375,88.1958,92.0206,88.8533,91.9842
376,88.1920,92.0228,88.8500,91.9853
377,88.1883,92.0249,88.8466,91.9865
378,88.1845,92.0271,88.8433,91.9876
379,88.1808,92.0292,88.8399,91.9887
380,88.1771,92.0314,88.8366,91.9898
381,88.1733,92.0335,88.8333,91.9909
382,88.1696,92.0357,88.8299,91.9920
383,88.1658,92.0379,88.8266,91.9931
384,88.1621,92.0400,88.8233,91.9942
385,88.1583,92.0422,88.8199,91.9954
386,88.1546,92.0443,88.8166,91.9965
387,88.1508,92.0465,88.8134,91.9978
388,88.1471,92.0486,88.8103,91.9994
389,88.1434,92.0508,88.8072,92.0009
390,88.1396,92.0529,88.8041,92.0025
391,88.1359,92.0551,88.8010,92.0040
392,88.1321,92.0572,88.7980,92.0056
393,88.1284,92.0594,88.7949,92.0071
394,88.1246,92.0615,88.7918,92.0086
395,88.1209,92.0637,88.7887,92.0102
396,88.1172,92.0658,88.7856,92.0117
397,88.1134,92.0680,88.7825,92.0133
398,88.1097,92.0701,88.7794,92.0148
399,88.1059,92.0723,88.7763,92.0164
400,88.1022,92.0744,88.7733,92.0179
401,88.0984,92.0766,88.7701,92.0194
402,88.0947,92.0788,88.7660,92.0205
403,88.0909,92.0809,88.7619,92.0217
404,88.0872,92.0831,88.7579,92.0228
405,88.0835,92.0852,88.7538,92.0239
406,88.0797,92.0874,88.7497,92.0250
407,88.0760,92.0895,88.7456,92.0261
408,88.0722,92.0917,88.7415,92.0272
409,88.0685,92.0938,88.7374,92.0283
410,88.0647,92.0960,88.7333,92.0295
411,88.0610,92.0981,88.7293,92.0306
412,88.0573,92.1003,88.7252,92.0317
413,88.0535,92.1024,88.7211,92.0328
414,88.0498,92.1046,88.7170,92.0339
415,88.0460,92.1067,88.7129,92.0350
416,88.0423,92.1089,88.7088,92.0361
417,88.0388,92.1100,88.7055,92.0376
418,88.0353,92.1110,88.7021,92.0391
419,88.0319,92.1120,88.6988,92.0406
420,88.0284,92.1131,88.6955,92.0420
421,88.0249,92.1141,88.6921,92.0435
422,88.0215,92.1151,88.6888,92.0450
423,88.0180,92.1161,88.6855,92.0465
424,88.0146,92.1172,88.6821,92.0480
425,88.0111,92.1182,88.6788,92.0495
426,88.0076,92.1192,88.6755,92.0509
427,88.0042,92.1203,88.6721,92.0524
428,88.0007,92.1213,88.6688,92.0539
429,87.9972,92.1223,88.6655,92.0554
430,87.9938,92.1233,88.6621,92.0569
431,87.9903,92.1244,88.6588,92.0584
432,87.9868,92.1254,88.6548,92.0595
433,87.9834,92.1264,88.6508,92.0606
434,87.9799,92.1275,88.6467,92.0618
435,87.9765,92.1285,88.6426,92.0629
436,87.9730,92.1295,88.6385,92.0640
437,87.9695,92.1306,88.6345,92.0651
438,87.9661,92.1316,88.6304,92.0662
439,87.9626,92.1326,88.6263,92.0673
440,87.9591,92.1336,88.6222,92.0684
441,87.9557,92.1347,88.6182,92.0695
442,87.9522,92.1357,88.6141,92.0707
443,87.9487,92.1367,88.6100,92.0718
444,87.9453,92.1378,88.6059,92.0729
445,87.9418,92.1388,88.6019,92.0740
446,87.9384,92.1398,88.5978,92.0751
447,87.9349,92.1409,88.5947,92.0765
448,87.9314,92.1419,88.5920,92.0781
449,87.9280,92.1429,88.5893,92.0796
450,87.9245,92.1439,88.5866,92.0812
451,87.9210,92.1450,88.5839,92.0827
452,87.9176,92.1460,88.5812,92.0842
453,87.9141,92.1470,88.5785,92.0858
454,87.9106,92.1481,88.5758,92.0873
455,87.9072,92.1491,88.5731,92.0889
456,87.9037,92.1501,88.5704,92.0904
457,87.9003,92.1511,88.5677,92.0919
458,87.8968,92.1522,88.5650,92.0935
459,87.8933,92.1532,88.5623,92.0950
460,87.8899,92.1542,88.5596,92.0966
461,87.8864,92.1553,88.5565,92.0981
462,87.8829,92.1563,88.5520,92.0996
463,87.8795,92.1573,88.5476,92.1011
464,87.8760,92.1584,88.5431,92.1025
465,87.8725,92.1594,88.5387,92.1040
466,87.8691,92.1604,88.5342,92.1055
467,87.8656,92.1614,88.5298,92.1070
468,87.8622,92.1625,88.5253,92.1085
469,87.8587,92.1635,88.5209,92.1100
470,87.8552,92.1645,88.5164,92.1114
471,87.8518,92.1656,88.5120,92.1129
472,87.8483,92.1666,88.5076,92.1144
473,87.8448,92.1676,88.5031,92.1159
474,87.8414,92.1687,88.4987,92.1174
475,87.8379,92.1697,88.4942,92.1189
476,87.8345,92.1708,88.4899,92.1203
477,87.8312,92.1728,88.4866,92.1214
478,87.8279,92.1747,88.4832,92.1225
479,87.8246,92.1767,88.4799,92.1236
480,87.8214,92.1787,88.4765,92.1248
481,87.8181,92.1806,88.4732,92.1259
482,87.8148,92.1826,88.4699,92.1270
483,87.8115,92.1846,88.4665,92.1281
484,87.8083,92.1865,88.4632,92.1292
485,87.8050,92.1885,88.4599,92.1303
486,87.8017,92.1905,88.4565,92.1314
487,87.7984,92.1924,88.4532,92.1325
488,87.7952,92.1944,88.4498,92.1337
489,87.7919,92.1964,88.4465,92.1348
490,87.7886,92.1983,88.4432,92.1359
491,87.7853,92.2003,88.4398,92.1370
492,87.7820,92.2023,88.4365,92.1385
493,87.7788,92.2042,88.4332,92.1400
494,87.7755,92.2062,88.4298,92.1414
495,87.7722,92.2082,88.4265,92.1429
496,87.7689,92.2101,88.4232,92.1444
497,87.7657,92.2121,88.4198,92.1459
498,87.7624,92.2141,88.4165,92.1474
499,87.7591,92.2160,88.4132,92.1489
500,87.7558,92.2180,88.4098,92.1503
501,87.7526,92.2200,88.4065,92.1518
502,87.7493,92.2219,88.4032,92.1533
503,87.7460,92.2239,88.3998,92.1548
504,87.7427,92.2259,88.3965,92.1563
505,87.7395,92.2278,88.3932,92.1578
506,87.7362,92.2298,88.3898,92.1592
507,87.7329,92.2318,88.3870,92.1604
508,87.7296,92.2337,88.3843,92.1616
509,87.7264,92.2357,88.3816,92.1628
510,87.7231,92.2377,88.3789,92.1639
511,87.7198,92.2396,88.3762,92.1651
512,87.7165,92.2416,88.3735,92.1662
513,87.7133,92.2436,88.3708,92.1674
514,87.7100,92.2455,88.3681,92.1686
515,87.7067,92.2475,88.3654,92.1697
516,87.7034,92.2495,88.3627,92.1709
517,87.7002,92.2514,88.3600,92.1720
518,87.6969,92.2534,88.3572,92.1732
519,87.6936,92.2554,88.3545,92.1744
520,87.6903,92.2573,88.3518,92.1755
521,87.6870,92.2593,88.3486,92.1768
522,87.6838,92.2613,88.3445,92.1783
523,87.6805,92.2632,88.3405,92.1797
524,87.6772,92.2652,88.3364,92.1812
525,87.6739,92.2672,88.3323,92.1827
526,87.6707,92.2691,88.3282,92.1842
527,87.6674,92.2711,88.3242,92.1857
528,87.6641,92.2731,88.3201,92.1871
529,87.6608,92.2750,88.3160,92.1886
530,87.6576,92.2770,88.3119,92.1901
531,87.6543,92.2790,88.3079,92.1916
532,87.6510,92.2809,88.3038,92.1931
533,87.6477,92.2829,88.2997,92.1945
534,87.6445,92.2848,88.2956,92.1960
535,87.6412,92.2868,88.2916,92.1975
536,87.6381,92.2885,88.2875,92.1989
537,87.6353,92.2892,88.2834,92.2000
538,87.6326,92.2900,88.2793,92.2011
539,87.6299,92.2907,88.2753,92.2022
540,87.6272,92.2915,88.2712,92.2033
541,87.6245,92.2922,88.2671,92.2044
542,87.6218,92.2930,88.2631,92.2056
543,87.6191,92.2937,88.2590,92.2067
544,87.6163,92.2945,88.2549,92.2078
545,87.6136,92.2952,88.2508,92.2089
546,87.6109,92.2959,88.2468,92.2100
547,87.6082,92.2967,88.2427,92.2111
548,87.6055,92.2974,88.2386,92.2122
549,87.6028,92.2982,88.2346,92.2133
550,87.6000,92.2989,88.2305,92.2145
551,87.5973,92.2997,88.2266,92.2156
552,87.5946,92.3004,88.2240,92.2171
553,87.5919,92.3012,88.2214,92.2186
554,87.5892,92.3019,88.2188,92.2201
555,87.5865,92.3027,88.2162,92.2216
556,87.5838,92.3034,88.2136,92.2230
557,87.5810,92.3042,88.2110,92.2245
558,87.5783,92.3049,88.2084,92.2260
559,87.5756,92.3057,88.2058,92.2275
560,87.5729,92.3064,88.2032,92.2290
561,87.5702,92.3072,88.2006,92.2305
562,87.5675,92.3079,88.1980,92.2319
563,87.5647,92.3087,88.1954,92.2334
564,87.5620,92.3094,88.1928,92.2349
565,87.5593,92.3102,88.1902,92.2364
566,87.5566,92.3109,88.1876,92.2379
567,87.5539,92.3117,88.1841,92.2386
568,87.5512,92.3124,88.1806,92.2394
569,87.5485,92.3132,88.1772,92.2402
570,87.5457,92.3139,88.1737,92.2409
571,87.5430,92.3147,88.1702,92.2417
572,87.5403,92.3154,88.1667,92.2425
573,87.5376,92.3162,88.1633,92.2433
574,87.5349,92.3169,88.1598,92.2440
575,87.5322,92.3177,88.1563,92.2448
576,87.5295,92.3184,88.1529,92.2456
577,87.5267,92.3192,88.1494,92.2464
578,87.5240,92.3199,88.1459,92.2471
579,87.5213,92.3207,88.1424,92.2479
580,87.5186,92.3214,88.1390,92.2487
581,87.5159,92.3222,88.1356,92.2496
582,87.5132,92.3229,88.1322,92.2507
583,87.5104,92.3237,88.1289,92.2519
584,87.5077,92.3244,88.1255,92.2530
585,87.5050,92.3252,88.1222,92.2541
586,87.5023,92.3259,88.1189,92.2552
587,87.4996,92.3266,88.1155,92.2563
588,87.4969,92.3274,88.1122,92.2574
589,87.4942,92.3281,88.1089,92.2585
590,87.4914,92.3289,88.1055,92.2596
591,87.4887,92.3296,88.1022,92.2608
592,87.4860,92.3304,88.0988,92.2619
593,87.4833,92.3311,88.0955,92.2630
594,87.4806,92.3319,88.0922,92.2641
595,87.4779,92.3326,88.0888,92.2652
596,87.4755,92.3348,88.0852,92.2665
597,87.4738,92.3389,88.0811,92.2680
598,87.4720,92.3431,88.0770,92.2694
599,87.4702,92.3472,88.0730,92.2709
600,87.4684,92.3513,88.0689,92.2724
601,87.4667,92.3554,88.0648,92.2739
602,87.4649,92.3595,88.0607,92.2754
603,87.4631,92.3636,88.0567,92.2769
604,87.4613,92.3678,88.0526,92.2783
605,87.4595,92.3719,88.0485,92.2798
606,87.4578,92.3760,88.0444,92.2813
607,87.4560,92.3801,88.0404,92.2828
608,87.4542,92.3842,88.0363,92.2843
609,87.4524,92.3884,88.0322,92.2858
610,87.4507,92.3925,88.0281,92.2872
611,87.4489,92.3966,88.0245,92.2887
612,87.4471,92.4007,88.0219,92.2902
613,87.4453,92.4048,88.0193,92.2917
614,87.4435,92.4089,88.0167,92.2932
615,87.4418,92.4131,88.0142,92.2947
616,87.4400,92.4172,88.0116,92.2961
617,87.4382,92.4213,88.0090,92.2976
618,87.4364,92.4254,88.0064,92.2991
619,87.4346,92.4295,88.0038,92.3006
620,87.4329,92.4337,88.0012,92.3021
621,87.4311,92.4378,87.9986,92.3036
622,87.4293,92.4419,87.9960,92.3050
623,87.4275,92.4460,87.9934,92.3065
624,87.4258,92.4501,87.9908,92.3080
625,87.4240,92.4543,87.9882,92.3095
626,87.4222,92.4584,87.9855,92.3109
627,87.4204,92.4625,87.9820,92.3121
628,87.4186,92.4666,87.9785,92.3132
629,87.4169,92.4707,87.9750,92.3144
630,87.4151,92.4748,87.9716,92.3155
631,87.4133,92.4790,87.9681,92.3167
632,87.4115,92.4831,87.9646,92.3178
633,87.4098,92.4872,87.9611,92.3190
634,87.4080,92.4913,87.9577,92.3201
635,87.4062,92.4954,87.9542,92.3213
636,87.4044,92.4996,87.9507,92.3225
637,87.4026,92.5037,87.9472,92.3236
638,87.4009,92.5078,87.9437,92.3248
639,87.3991,92.5119,87.9403,92.3259
640,87.3973,92.5160,87.9368,92.3271
641,87.3955,92.5201,87.9334,92.3285
642,87.3937,92.5243,87.9301,92.3299
643,87.3920,92.5284,87.9267,92.3314
644,87.3902,92.5325,87.9234,92.3329
645,87.3884,92.5366,87.9201,92.3344
646,87.3866,92.5407,87.9167,92.3359
647,87.3849,92.5449,87.9134,92.3374
648,87.3831,92.5490,87.9100,92.3388
649,87.3813,92.5531,87.9067,92.3403
650,87.3795,92.5572,87.9034,92.3418
651,87.3777,92.5613,87.9000,92.3433
652,87.3760,92.5655,87.8967,92.3448
653,87.3742,92.5696,87.8934,92.3463
654,87.3724,92.5737,87.8900,92.3477
655,87.3706,92.5778,87.8867,92.3492
656,87.3679,92.5792,87.8836,92.3505
657,87.3646,92.5787,87.8806,92.3516
658,87.3612,92.5781,87.8776,92.3527
659,87.3578,92.5775,87.8747,92.3538
660,87.3545,92.5770,87.8717,92.3549
661,87.3511,92.5764,87.8687,92.3561
662,87.3477,92.5759,87.8658,92.3572
663,87.3443,92.5753,87.8628,92.3583
664,87.3410,92.5747,87.8598,92.3594
665,87.3376,92.5742,87.8569,92.3605
666,87.3342,92.5736,87.8539,92.3616
667,87.3309,92.5730,87.8509,92.3627
668,87.3275,92.5725,87.8480,92.3638
669,87.3241,92.5719,87.8450,92.3650
670,87.3208,92.5714,87.8420,92.3661
671,87.3174,92.5708,87.8391,92.3674
672,87.3140,92.5702,87.8361,92.3688
673,87.3107,92.5697,87.8331,92.3703
674,87.3073,92.5691,87.8302,92.3718
675,87.3039,92.5686,87.8272,92.3733
676,87.3006,92.5680,87.8242,92.3748
677,87.2972,92.5674,87.8213,92.3763
678,87.2938,92.5669,87.8183,92.3777
679,87.2904,92.5663,87.8153,92.3792
680,87.2871,92.5657,87.8124,92.3807
681,87.2837,92.5652,87.8094,92.3822
682,87.2803,92.5646,87.8065,92.3837
683,87.2770,92.5641,87.8035,92.3852
684,87.2736,92.5635,87.8005,92.3866
685,87.2702,92.5629,87.7976,92.3881
686,87.2669,92.5624,87.7944,92.3895
687,87.2635,92.5618,87.7909,92.3907
688,87.2601,92.5612,87.7875,92.3918
689,87.2568,92.5607,87.7840,92.3930
690,87.2534,92.5601,87.7805,92.3941
691,87.2500,92.5596,87.7770,92.3953
692,87.2467,92.5590,87.7736,92.3964
693,87.2433,92.5584,87.7701,92.3976
694,87.2399,92.5579,87.7666,92.3988
695,87.2365,92.5573,87.7631,92.3999
696,87.2332,92.5568,87.7597,92.4011
697,87.2298,92.5562,87.7562,92.4022
698,87.2264,92.5556,87.7527,92.4034
699,87.2231,92.5551,87.7492,92.4046
700,87.2197,92.5545,87.7458,92.4057
701,87.2163,92.5539,87.7427,92.4071
702,87.2130,92.5534,87.7397,92.4086
703,87.2096,92.5528,87.7368,92.4101
704,87.2062,92.5523,87.7338,92.4116
705,87.2029,92.5517,87.7308,92.4131
706,87.1995,92.5511,87.7279,92.4145
707,87.1961,92.5506,87.7249,92.4160
708,87.1928,92.5500,87.7219,92.4175
709,87.1894,92.5494,87.7190,92.4190
710,87.1860,92.5489,87.7160,92.4205
711,87.1826,92.5483,87.7130,92.4219
712,87.1793,92.5478,87.7101,92.4234
713,87.1759,92.5472,87.7071,92.4249
714,87.1725,92.5466,87.7041,92.4264
715,87.1692,92.5461,87.7012,92.4279
716,87.1668,92.5472,87.6982,92.4288
717,87.1649,92.5490,87.6952,92.4295
718,87.1629,92.5508,87.6923,92.4303
719,87.1609,92.5526,87.6893,92.4310
720,87.1590,92.5543,87.6863,92.4318
721,87.1570,92.5561,87.6834,92.4325
722,87.1550,92.5579,87.6804,92.4333
723,87.1531,92.5597,87.6775,92.4340
724,87.1511,92.5615,87.6745,92.4348
725,87.1491,92.5632,87.6715,92.4355
726,87.1472,92.5650,87.6686,92.4363
727,87.1452,92.5668,87.6656,92.4370
728,87.1432,92.5686,87.6626,92.4378
729,87.1413,92.5704,87.6597,92.4385
730,87.1393,92.5721,87.6567,92.4392
731,87.1373,92.5739,87.6535,92.4402
732,87.1354,92.5757,87.6502,92.4413
733,87.1334,92.5775,87.6469,92.4424
734,87.1314,92.5792,87.6435,92.4435
735,87.1295,92.5810,87.6402,92.4447
736,87.1275,92.5828,87.6369,92.4458
737,87.1255,92.5846,87.6335,92.4469
738,87.1236,92.5864,87.6302,92.4480
739,87.1216,92.5881,87.6269,92.4491
740,87.1196,92.5899,87.6235,92.4502
741,87.1177,92.5917,87.6202,92.4513
742,87.1157,92.5935,87.6169,92.4524
743,87.1137,92.5952,87.6135,92.4535
744,87.1118,92.5970,87.6102,92.4546
745,87.1098,92.5988,87.6069,92.4557
746,87.1078,92.6006,87.6036,92.4571
747,87.1059,92.6024,87.6005,92.4586
748,87.1039,92.6041,87.5975,92.4602
749,87.1019,92.6059,87.5944,92.4617
750,87.1000,92.6077,87.5913,92.4632
751,87.0980,92.6095,87.5882,92.4648
752,87.0960,92.6113,87.5851,92.4663
753,87.0941,92.6130,87.5820,92.4679
754,87.0921,92.6148,87.5789,92.4694
755,87.0901,92.6166,87.5758,92.4710
756,87.0882,92.6184,87.5727,92.4725
757,87.0862,92.6201,87.5696,92.4741
758,87.0842,92.6219,87.5665,92.4756
759,87.0823,92.6237,87.5634,92.4772
760,87.0803,92.6255,87.5603,92.4787
761,87.0784,92.6273,87.5573,92.4798
762,87.0764,92.6290,87.5544,92.4809
763,87.0744,92.6308,87.5514,92.4820
764,87.0725,92.6326,87.5485,92.4831
765,87.0705,92.6344,87.5455,92.4843
766,87.0685,92.6361,87.5425,92.4854
767,87.0666,92.6379,87.5396,92.4865
768,87.0646,92.6397,87.5366,92.4876
769,87.0626,92.6415,87.5337,92.4887
770,87.0607,92.6433,87.5307,92.4898
771,87.0587,92.6450,87.5277,92.4909
772,87.0567,92.6468,87.5248,92.4920
773,87.0548,92.6486,87.5218,92.4932
774,87.0528,92.6504,87.5189,92.4943
775,87.0508,92.6522,87.5159,92.4954
776,87.0491,92.6527,87.5133,92.4968
777,87.0474,92.6531,87.5107,92.4983
778,87.0457,92.6534,87.5081,92.4998
779,87.0441,92.6538,87.5055,92.5013
780,87.0424,92.6542,87.5029,92.5028
781,87.0407,92.6546,87.5003,92.5042
782,87.0390,92.6549,87.4977,92.5057
783,87.0373,92.6553,87.4951,92.5072
784,87.0356,92.6557,87.4925,92.5087
785,87.0339,92.6561,87.4899,92.5102
786,87.0323,92.6564,87.4873,92.5117
787,87.0306,92.6568,87.4847,92.5131
788,87.0289,92.6572,87.4821,92.5146
789,87.0272,92.6575,87.4795,92.5161
790,87.0255,92.6579,87.4769,92.5176
791,87.0238,92.6583,87.4743,92.5191
792,87.0221,92.6587,87.4717,92.5206
793,87.0205,92.6590,87.4691,92.5220
794,87.0188,92.6594,87.4665,92.5235
795,87.0171,92.6598,87.4639,92.5250
796,87.0154,92.6602,87.4613,92.5265
797,87.0137,92.6605,87.4587,92.5280
798,87.0120,92.6609,87.4562,92.5295
799,87.0104,92.6613,87.4536,92.5309
800,87.0087,92.6617,87.4510,92.5324
801,87.0070,92.6620,87.4484,92.5339
802,87.0053,92.6624,87.4458,92.5354
803,87.0036,92.6628,87.4432,92.5369
804,87.0019,92.6632,87.4406,92.5384
805,87.0002,92.6635,87.4380,92.5398
806,86.9986,92.6639,87.4348,92.5411
807,86.9969,92.6643,87.4314,92.5423
808,86.9952,92.6647,87.4279,92.5434
809,86.9935,92.6650,87.4244,92.5446
810,86.9918,92.6654,87.4209,92.5457
811,86.9901,92.6658,87.4175,92.5469
812,86.9885,92.6661,87.4140,92.5480
813,86.9868,92.6665,87.4105,92.5492
814,86.9851,92.6669,87.4070,92.5504
815,86.9834,92.6673,87.4035,92.5515
816,86.9817,92.6676,87.4001,92.5527
817,86.9800,92.6680,87.3966,92.5538
818,86.9783,92.6684,87.3931,92.5550
819,86.9767,92.6688,87.3896,92.5561
820,86.9750,92.6691,87.3863,92.5573
821,86.9733,92.6695,87.3837,92.5588
822,86.9716,92.6699,87.3811,92.5603
823,86.9699,92.6703,87.3785,92.5618
824,86.9682,92.6706,87.3759,92.5633
825,86.9666,92.6710,87.3733,92.5648
826,86.9649,92.6714,87.3707,92.5663
827,86.9632,92.6718,87.3681,92.5678
828,86.9615,92.6721,87.3656,92.5692
829,86.9598,92.6725,87.3630,92.5707
830,86.9581,92.6729,87.3604,92.5722
831,86.9564,92.6733,87.3578,92.5737
832,86.9548,92.6736,87.3552,92.5752
833,86.9531,92.6740,87.3526,92.5767
834,86.9514,92.6744,87.3500,92.5782
835,86.9496,92.6748,87.3474,92.5796
836,86.9467,92.6760,87.3448,92.5804
837,86.9437,92.6772,87.3422,92.5811
838,86.9407,92.6784,87.3396,92.5818
839,86.9377,92.6797,87.3370,92.5826
840,86.9347,92.6809,87.3344,92.5833
841,86.9317,92.6821,87.3318,92.5840
842,86.9287,92.6833,87.3292,92.5848
843,86.9257,92.6845,87.3266,92.5855
844,86.9227,92.6857,87.3240,92.5863
845,86.9197,92.6870,87.3215,92.5870
846,86.9167,92.6882,87.3189,92.5877
847,86.9137,92.6894,87.3163,92.5885
848,86.9107,92.6906,87.3137,92.5892
849,86.9077,92.6918,87.3111,92.5899
850,86.9047,92.6931,87.3085,92.5907
851,86.9017,92.6943,87.3052,92.5918
852,86.8987,92.6955,87.3019,92.5929
853,86.8957,92.6967,87.2985,92.5940
854,86.8927,92.6979,87.2952,92.5951
855,86.8897,92.6991,87.2919,92.5962
856,86.8867,92.7004,87.2885,92.5973
857,86.8837,92.7016,87.2852,92.5984
858,86.8808,92.7028,87.2819,92.5996
859,86.8778,92.7040,87.2785,92.6007
860,86.8748,92.7052,87.2752,92.6018
861,86.8718,92.7064,87.2718,92.6029
862,86.8688,92.7077,87.2685,92.6040
863,86.8658,92.7089,87.2652,92.6051
864,86.8628,92.7101,87.2618,92.6062
865,86.8598,92.7113,87.2585,92.6073
866,86.8568,92.7125,87.2563,92.6088
867,86.8538,92.7138,87.2544,92.6104
868,86.8508,92.7150,87.2525,92.6119
869,86.8478,92.7162,87.2505,92.6134
870,86.8448,92.7174,87.2486,92.6150
871,86.8418,92.7186,87.2467,92.6165
872,86.8388,92.7198,87.2447,92.6181
873,86.8358,92.7211,87.2428,92.6196
874,86.8328,92.7223,87.2409,92.6212
875,86.8298,92.7235,87.2389,92.6227
876,86.8268,92.7247,87.2370,92.6243
877,86.8238,92.7259,87.2351,92.6258
878,86.8208,92.7271,87.2332,92.6273
879,86.8178,92.7284,87.2312,92.6289
880,86.8148,92.7296,87.2286,92.6303
881,86.8119,92.7308,87.2246,92.6314
882,86.8089,92.7320,87.2205,92.6325
883,86.8059,92.7332,87.2164,92.6336
884,86.8029,92.7345,87.2123,92.6348
885,86.7999,92.7357,87.2082,92.6359
886,86.7969,92.7369,87.2041,92.6370
887,86.7939,92.7381,87.2001,92.6381
888,86.7909,92.7393,87.1960,92.6392
889,86.7879,92.7405,87.1919,92.6403
890,86.7849,92.7418,87.1878,92.6414
891,86.7819,92.7430,87.1837,92.6426
892,86.7789,92.7442,87.1797,92.6437
893,86.7759,92.7454,87.1756,92.6448
894,86.7729,92.7466,87.1715,92.6459
895,86.7705,92.7482,87.1677,92.6471
896,86.7706,92.7513,87.1651,92.6486
897,86.7707,92.7544,87.1625,92.6500
898,86.7708,92.7575,87.1599,92.6515
899,86.7709,92.7606,87.1573,92.6530
900,86.7710,92.7637,87.1547,92.6545
901,86.7711,92.7668,87.1521,92.6560
902,86.7712,92.7698,87.1495,92.6575
903,86.7713,92.7729,87.1469,92.6589
904,86.7714,92.7760,87.1444,92.6604
905,86.7715,92.7791,87.1418,92.6619
906,86.7716,92.7822,87.1392,92.6634
907,86.7717,92.7853,87.1366,92.6649
908,86.7717,92.7884,87.1340,92.6664
909,86.7718,92.7915,87.1314,92.6678
910,86.7719,92.7946,87.1288,92.6693
911,86.7720,92.7976,87.1266,92.6704
912,86.7721,92.8007,87.1244,92.6715
913,86.7722,92.8038,87.1221,92.6726
914,86.7723,92.8069,87.1199,92.6737
915,86.7724,92.8100,87.1177,92.6748
916,86.7725,92.8131,87.1155,92.6759
917,86.7726,92.8162,87.1133,92.6771
918,86.7727,92.8193,87.1110,92.6782
919,86.7728,92.8224,87.1088,92.6793
920,86.7729,92.8254,87.1066,92.6804
921,86.7730,92.8285,87.1044,92.6815
922,86.7730,92.8316,87.1022,92.6826
923,86.7731,92.8347,87.0999,92.6837
924,86.7732,92.8378,87.0977,92.6848
925,86.7733,92.8409,87.0955,92.6859
926,86.7734,92.8440,87.0936,92.6867
927,86.7735,92.8471,87.0916,92.6875
928,86.7736,92.8502,87.0897,92.6882
929,86.7737,92.8532,87.0878,92.6890
930,86.7738,92.8563,87.0858,92.6898
931,86.7739,92.8594,87.0839,92.6906
932,86.7740,92.8625,87.0820,92.6913
933,86.7741,92.8656,87.0800,92.6921
934,86.7742,92.8687,87.0781,92.6929
935,86.7743,92.8718,87.0762,92.6937
936,86.7744,92.8749,87.0742,92.6944
937,86.7744,92.8780,87.0723,92.6952
938,86.7745,92.8810,87.0704,92.6960
939,86.7746,92.8841,87.0684,92.6967
940,86.7747,92.8872,87.0659,92.6978
941,86.7748,92.8903,87.0625,92.6993
942,86.7749,92.8934,87.0592,92.7008
943,86.7750,92.8965,87.0559,92.7023
944,86.7751,92.8996,87.0525,92.7038
945,86.7752,92.9027,87.0492,92.7053
946,86.7753,92.9058,87.0459,92.7067
947,86.7754,92.9088,87.0425,92.7082
948,86.7755,92.9119,87.0392,92.7097
949,86.7756,92.9150,87.0359,92.7112
950,86.7757,92.9181,87.0325,92.7127
951,86.7758,92.9212,87.0292,92.7142
952,86.7758,92.9243,87.0259,92.7156
953,86.7759,92.9274,87.0225,92.7171
954,86.7760,92.9305,87.0192,92.7186
955,86.7752,92.9324,87.0164,92.7200
956,86.7727,92.9321,87.0145,92.7211
957,86.7701,92.9318,87.0127,92.7222
958,86.7676,92.9315,87.0108,92.7233
959,86.7651,92.9312,87.0090,92.7244
960,86.7626,92.9310,87.0071,92.7255
961,86.7600,92.9307,87.0052,92.7266
962,86.7575,92.9304,87.0034,92.7278
963,86.7550,92.9301,87.0015,92.7289
964,86.7525,92.9298,86.9997,92.7300
965,86.7499,92.9296,86.9978,92.7311
966,86.7474,92.9293,86.9960,92.7322
967,86.7449,92.9290,86.9941,92.7333
968,86.7423,92.9287,86.9923,92.7344
969,86.7398,92.9284,86.9904,92.7356
970,86.7373,92.9281,86.9884,92.7368
971,86.7348,92.9279,86.9858,92.7382
972,86.7322,92.9276,86.9832,92.7397
973,86.7297,92.9273,86.9806,92.7412
974,86.7272,92.9270,86.9780,92.7427
975,86.7247,92.9267,86.9754,92.7442
976,86.7221,92.9265,86.9728,92.7457
977,86.7196,92.9262,86.9702,92.7471
978,86.7171,92.9259,86.9676,92.7486
979,86.7145,92.9256,86.9650,92.7501
980,86.7120,92.9253,86.9624,92.7516
981,86.7095,92.9251,86.9598,92.7531
982,86.7070,92.9248,86.9572,92.7546
983,86.7044,92.9245,86.9546,92.7560
984,86.7019,92.9242,86.9520,92.7575
985,86.6994,92.9239,86.9494,92.7590
986,86.6969,92.9237,86.9467,92.7601
987,86.6943,92.9234,86.9440,92.7613
988,86.6918,92.9231,86.9413,92.7624
989,86.6893,92.9228,86.9386,92.7636
990,86.6868,92.9225,86.9359,92.7647
991,86.6842,92.9222,86.9332,92.7659
992,86.6817,92.9220,86.9305,92.7670
993,86.6792,92.9217,86.9278,92.7682
994,86.6766,92.9214,86.9251,92.7694
995,86.6741,92.9211,86.9224,92.7705
996,86.6716,92.9208,86.9197,92.7717
997,86.6691,92.9206,86.9170,92.7728
998,86.6665,92.9203,86.9143,92.7740
999,86.6640,92.9200,86.9116,92.7751
1000,86.6615,92.9197,86.9088,92.7760
1001,86.6590,92.9194,86.9058,92.7768
1002,86.6564,92.9192,86.9028,92.7775
1003,86.6539,92.9189,86.8998,92.7782
1004,86.6514,92.9186,86.8969,92.7790
1005,86.6488,92.9183,86.8939,92.7797
1006,86.6463,92.9180,86.8909,92.7805
1007,86.6438,92.9178,86.8880,92.7812
1008,86.6413,92.9175,86.8850,92.7820
1009,86.6387,92.9172,86.8820,92.7827
1010,86.6362,92.9169,86.8790,92.7834
1011,86.6337,92.9166,86.8761,92.7842
1012,86.6312,92.9163,86.8731,92.7849
1013,86.6286,92.9161,86.8701,92.7857
1014,86.6261,92.9158,86.8672,92.7864
1015,86.6247,92.9162,86.8648,92.7875
1016,86.6243,92.9173,86.8629,92.7890
1017,86.6239,92.9185,86.8611,92.7905
1018,86.6235,92.9196,86.8592,92.7920
1019,86.6232,92.9207,86.8574,92.7935
1020,86.6228,92.9218,86.8555,92.7949
1021,86.6224,92.9230,86.8537,92.7964
1022,86.6220,92.9241,86.8518,92.7979
1023,86.6217,92.9252,86.8500,92.7994
1024,86.6213,92.9263,86.8481,92.8009
1025,86.6209,92.9275,86.8463,92.8024
1026,86.6206,92.9286,86.8444,92.8038
1027,86.6202,92.9297,86.8426,92.8053
1028,86.6198,92.9308,86.8407,92.8068
1029,86.6194,92.9319,86.8389,92.8083
1030,86.6191,92.9331,86.8367,92.8096
1031,86.6187,92.9342,86.8341,92.8107
1032,86.6183,92.9353,86.8315,92.8119
1033,86.6179,92.9364,86.8289,92.8130
1034,86.6176,92.9376,86.8263,92.8141
1035,86.6172,92.9387,86.8237,92.8152
1036,86.6168,92.9398,86.8211,92.8163
1037,86.6164,92.9409,86.8185,92.8174
1038,86.6161,92.9421,86.8159,92.8185
1039,86.6157,92.9432,86.8134,92.8196
1040,86.6153,92.9443,86.8108,92.8208
1041,86.6149,92.9454,86.8082,92.8219
1042,86.6146,92.9466,86.8056,92.8230
1043,86.6142,92.9477,86.8030,92.8241
1044,86.6138,92.9488,86.8004,92.8252
1045,86.6134,92.9499,86.7980,92.8264
1046,86.6131,92.9510,86.7960,92.8280
1047,86.6127,92.9522,86.7941,92.8295
1048,86.6123,92.9533,86.7922,92.8311
1049,86.6119,92.9544,86.7902,92.8326
1050,86.6116,92.9555,86.7883,92.8342
1051,86.6112,92.9567,86.7864,92.8357
1052,86.6108,92.9578,86.7844,92.8373
1053,86.6104,92.9589,86.7825,92.8388
1054,86.6101,92.9600,86.7806,92.8404
1055,86.6097,92.9612,86.7786,92.8419
1056,86.6093,92.9623,86.7767,92.8434
1057,86.6090,92.9634,86.7748,92.8450
1058,86.6086,92.9645,86.7728,92.8465
1059,86.6082,92.9656,86.7709,92.8481
1060,86.6078,92.9668,86.7688,92.8496
1061,86.6075,92.9679,86.7665,92.8511
1062,86.6071,92.9690,86.7643,92.8525
1063,86.6067,92.9701,86.7621,92.8540
1064,86.6063,92.9713,86.7599,92.8555
1065,86.6060,92.9724,86.7577,92.8570
1066,86.6056,92.9735,86.7554,92.8585
1067,86.6052,92.9746,86.7532,92.8600
1068,86.6048,92.9758,86.7510,92.8614
1069,86.6045,92.9769,86.7488,92.8629
1070,86.6041,92.9780,86.7466,92.8644
1071,86.6037,92.9791,86.7443,92.8659
1072,86.6033,92.9803,86.7421,92.8674
1073,86.6030,92.9814,86.7399,92.8689
1074,86.6026,92.9825,86.7377,92.8703
1075,86.6011,92.9840,86.7347,92.8711
1076,86.5990,92.9857,86.7314,92.8715
1077,86.5970,92.9874,86.7280,92.8718
1078,86.5949,92.9890,86.7247,92.8722
1079,86.5929,92.9907,86.7214,92.8726
1080,86.5908,92.9924,86.7180,92.8729
1081,86.5888,92.9941,86.7147,92.8733
1082,86.5867,92.9958,86.7113,92.8737
1083,86.5846,92.9975,86.7080,92.8741
1084,86.5826,92.9992,86.7047,92.8744
1085,86.5805,93.0008,86.7013,92.8748
1086,86.5785,93.0025,86.6980,92.8752
1087,86.5764,93.0042,86.6947,92.8755
1088,86.5743,93.0059,86.6913,92.8759
1089,86.5723,93.0076,86.6880,92.8763
1090,86.5702,93.0093,86.6855,92.8777
1091,86.5682,93.0109,86.6836,92.8799
1092,86.5661,93.0126,86.6818,92.8821
1093,86.5640,93.0143,86.6799,92.8843
1094,86.5620,93.0160,86.6781,92.8866
1095,86.5599,93.0177,86.6762,92.8888
1096,86.5579,93.0194,86.6744,92.8910
1097,86.5558,93.0211,86.6725,92.8932
1098,86.5538,93.0227,86.6707,92.8954
1099,86.5517,93.0244,86.6688,92.8977
1100,86.5496,93.0261,86.6670,92.8999
1101,86.5476,93.0278,86.6651,92.9021
1102,86.5455,93.0295,86.6633,92.9043
1103,86.5435,93.0312,86.6614,92.9065
1104,86.5414,93.0329,86.6596,92.9088
1105,86.5393,93.0345,86.6577,92.9105
1106,86.5373,93.0362,86.6557,92.9117
1107,86.5352,93.0379,86.6538,92.9128
1108,86.5332,93.0396,86.6519,92.9140
1109,86.5311,93.0413,86.6499,92.9152
1110,86.5290,93.0430,86.6480,92.9163
1111,86.5270,93.0446,86.6461,92.9175
1112,86.5249,93.0463,86.6441,92.9186
1113,86.5229,93.0480,86.6422,92.9198
1114,86.5208,93.0497,86.6403,92.9210
1115,86.5188,93.0514,86.6383,92.9221
1116,86.5167,93.0531,86.6364,92.9233
1117,86.5146,93.0548,86.6345,92.9244
1118,86.5126,93.0564,86.6325,92.9256
1119,86.5105,93.0581,86.6306,92.9268
1120,86.5085,93.0598,86.6277,92.9275
1121,86.5064,93.0615,86.6247,92.9283
1122,86.5043,93.0632,86.6218,92.9290
1123,86.5023,93.0649,86.6188,92.9298
1124,86.5002,93.0665,86.6158,92.9305
1125,86.4982,93.0682,86.6129,92.9313
1126,86.4961,93.0699,86.6099,92.9320
1127,86.4940,93.0716,86.6069,92.9327
1128,86.4920,93.0733,86.6040,92.9335
1129,86.4899,93.0750,86.6010,92.9342
1130,86.4879,93.0767,86.5980,92.9350
1131,86.4858,93.0783,86.5950,92.9357
1132,86.4838,93.0800,86.5921,92.9365
1133,86.4817,93.0817,86.5891,92.9372
1134,86.4796,93.0834,86.5861,92.9380
1135,86.4789,93.0845,86.5847,92.9387
1136,86.4784,93.0856,86.5836,92.9394
1137,86.4779,93.0866,86.5825,92.9402
1138,86.4775,93.0876,86.5814,92.9409
1139,86.4770,93.0887,86.5803,92.9417
1140,86.4765,93.0897,86.5792,92.9424
1141,86.4761,93.0907,86.5781,92.9431
1142,86.4756,93.0917,86.5770,92.9439
1143,86.4751,93.0928,86.5759,92.9446
1144,86.4747,93.0938,86.5748,92.9453
1145,86.4742,93.0948,86.5736,92.9461
1146,86.4737,93.0959,86.5725,92.9468
1147,86.4733,93.0969,86.5714,92.9476
1148,86.4728,93.0979,86.5703,92.9483
1149,86.4723,93.0990,86.5692,92.9490
1150,86.4719,93.1000,86.5671,92.9500
1151,86.4714,93.1010,86.5645,92.9511
1152,86.4709,93.1020,86.5619,92.9523
1153,86.4704,93.1031,86.5593,92.9534
1154,86.4700,93.1041,86.5567,92.9545
1155,86.4695,93.1051,86.5541,92.9556
1156,86.4690,93.1062,86.5515,92.9567
1157,86.4686,93.1072,86.5489,92.9578
1158,86.4681,93.1082,86.5463,92.9589
1159,86.4676,93.1093,86.5437,92.9600
1160,86.4672,93.1103,86.5411,92.9612
1161,86.4667,93.1113,86.5385,92.9623
1162,86.4662,93.1123,86.5359,92.9634
1163,86.4658,93.1134,86.5333,92.9645
1164,86.4653,93.1144,86.5307,92.9656
1165,86.4648,93.1154,86.5283,92.9670
1166,86.4644,93.1165,86.5260,92.9685
1167,86.4639,93.1175,86.5236,92.9701
1168,86.4634,93.1185,86.5213,92.9716
1169,86.4630,93.1196,86.5190,92.9732
1170,86.4625,93.1206,86.5167,92.9747
1171,86.4620,93.1216,86.5144,92.9763
1172,86.4615,93.1226,86.5120,92.9778
1173,86.4611,93.1237,86.5097,92.9793
1174,86.4606,93.1247,86.5074,92.9809
1175,86.4601,93.1257,86.5051,92.9824
1176,86.4597,93.1268,86.5027,92.9840
1177,86.4592,93.1278,86.5004,92.9855
1178,86.4587,93.1288,86.4981,92.9871
1179,86.4583,93.1298,86.4958,92.9885
1180,86.4578,93.1309,86.4940,92.9893
1181,86.4573,93.1319,86.4921,92.9900
1182,86.4569,93.1329,86.4903,92.9908
1183,86.4564,93.1340,86.4884,92.9915
1184,86.4559,93.1350,86.4866,92.9923
1185,86.4555,93.1360,86.4847,92.9930
1186,86.4550,93.1371,86.4829,92.9937
1187,86.4545,93.1381,86.4810,92.9945
1188,86.4541,93.1391,86.4792,92.9952
1189,86.4536,93.1401,86.4773,92.9960
1190,86.4531,93.1412,86.4755,92.9967
1191,86.4527,93.1422,86.4736,92.9974
1192,86.4522,93.1432,86.4718,92.9982
1193,86.4517,93.1443,86.4699,92.9989
1194,86.4512,93.1453,86.4681,92.9997
1195,86.4488,93.1446,86.4662,93.0008
1196,86.4462,93.1438,86.4644,93.0019
1197,86.4437,93.1431,86.4625,93.0030
1198,86.4412,93.1423,86.4606,93.0041
1199,86.4387,93.1416,86.4588,93.0052
1200,86.4361,93.1408,86.4569,93.0063
1201,86.4336,93.1401,86.4551,93.0075
1202,86.4311,93.1393,86.4532,93.0086
1203,86.4285,93.1386,86.4514,93.0097
1204,86.4260,93.1378,86.4495,93.0108
1205,86.4235,93.1371,86.4477,93.0119
1206,86.4210,93.1364,86.4458,93.0130
1207,86.4184,93.1356,86.4440,93.0141
1208,86.4159,93.1349,86.4421,93.0152
1209,86.4134,93.1341,86.4402,93.0164
1210,86.4109,93.1334,86.4374,93.0178
1211,86.4083,93.1326,86.4345,93.0193
1212,86.4058,93.1319,86.4315,93.0207
1213,86.4033,93.1311,86.4286,93.0222
1214,86.4008,93.1304,86.4256,93.0237
1215,86.3982,93.1296,86.4226,93.0252
1216,86.3957,93.1289,86.4197,93.0267
1217,86.3932,93.1281,86.4167,93.0281
1218,86.3906,93.1274,86.4137,93.0296
1219,86.3881,93.1266,86.4108,93.0311
1220,86.3856,93.1259,86.4078,93.0326
1221,86.3831,93.1251,86.4049,93.0340
1222,86.3805,93.1244,86.4019,93.0355
1223,86.3780,93.1236,86.3989,93.0370
1224,86.3755,93.1229,86.3960,93.0385
1225,86.3730,93.1221,86.3944,93.0397
1226,86.3704,93.1214,86.3932,93.0409
1227,86.3679,93.1206,86.3920,93.0420
1228,86.3654,93.1199,86.3909,93.0432
1229,86.3629,93.1191,86.3897,93.0444
1230,86.3603,93.1184,86.3886,93.0455
1231,86.3578,93.1176,86.3874,93.0467
1232,86.3553,93.1169,86.3862,93.0478
1233,86.3527,93.1161,86.3851,93.0490
1234,86.3502,93.1154,86.3839,93.0502
1235,86.3477,93.1146,86.3828,93.0513
1236,86.3452,93.1139,86.3816,93.0525
1237,86.3426,93.1131,86.3804,93.0536
1238,86.3401,93.1124,86.3793,93.0548
1239,86.3376,93.1116,86.3778,93.0560
1240,86.3351,93.1109,86.3752,93.0575
1241,86.3325,93.1101,86.3726,93.0590
1242,86.3300,93.1094,86.3700,93.0605
1243,86.3275,93.1086,86.3674,93.0620
1244,86.3249,93.1079,86.3648,93.0635
1245,86.3224,93.1072,86.3622,93.0649
1246,86.3199,93.1064,86.3596,93.0664
1247,86.3174,93.1057,86.3570,93.0679
1248,86.3148,93.1049,86.3544,93.0694
1249,86.3123,93.1042,86.3518,93.0709
1250,86.3098,93.1034,86.3492,93.0724
1251,86.3073,93.1027,86.3466,93.0738
1252,86.3047,93.1019,86.3440,93.0753
1253,86.3022,93.1012,86.3414,93.0768
1254,86.2999,93.1009,86.3389,93.0782
1255,86.2994,93.1038,86.3367,93.0789
1256,86.2988,93.1067,86.3344,93.0797
1257,86.2982,93.1096,86.3322,93.0804
1258,86.2977,93.1125,86.3300,93.0812
1259,86.2971,93.1154,86.3278,93.0819
1260,86.2966,93.1183,86.3256,93.0826
1261,86.2960,93.1212,86.3233,93.0834
1262,86.2954,93.1241,86.3211,93.0841
1263,86.2949,93.1270,86.3189,93.0849
1264,86.2943,93.1299,86.3167,93.0856
1265,86.2937,93.1328,86.3144,93.0864
1266,86.2932,93.1357,86.3122,93.0871
1267,86.2926,93.1386,86.3100,93.0878
1268,86.2921,93.1415,86.3078,93.0886
1269,86.2915,93.1444,86.3056,93.0893
1270,86.2909,93.1473,86.3045,93.0901
1271,86.2904,93.1502,86.3034,93.0908
1272,86.2898,93.1531,86.3022,93.0915
1273,86.2892,93.1560,86.3011,93.0923
1274,86.2887,93.1589,86.3000,93.0930
1275,86.2881,93.1618,86.2989,93.0938
1276,86.2876,93.1647,86.2978,93.0945
1277,86.2870,93.1676,86.2967,93.0952
1278,86.2864,93.1705,86.2956,93.0960
1279,86.2859,93.1734,86.2945,93.0967
1280,86.2853,93.1763,86.2934,93.0975
1281,86.2847,93.1792,86.2922,93.0982
1282,86.2842,93.1821,86.2911,93.0990
1283,86.2836,93.1850,86.2900,93.0997
1284,86.2831,93.1879,86.2889,93.1004
1285,86.2825,93.1908,86.2867,93.1023
1286,86.2819,93.1937,86.2844,93.1042
1287,86.2814,93.1966,86.2821,93.1061
1288,86.2808,93.1995,86.2797,93.1080
1289,86.2802,93.2024,86.2774,93.1100
1290,86.2797,93.2054,86.2751,93.1119
1291,86.2791,93.2083,86.2728,93.1138
1292,86.2786,93.2112,86.2704,93.1157
1293,86.2780,93.2141,86.2681,93.1177
1294,86.2774,93.2170,86.2658,93.1196
1295,86.2769,93.2199,86.2635,93.1215
1296,86.2763,93.2228,86.2612,93.1235
1297,86.2757,93.2257,86.2588,93.1254
1298,86.2752,93.2286,86.2565,93.1273
1299,86.2746,93.2315,86.2544,93.1288
1300,86.2741,93.2344,86.2525,93.1295
1301,86.2735,93.2373,86.2507,93.1302
1302,86.2729,93.2402,86.2488,93.1310
1303,86.2724,93.2431,86.2469,93.1317
1304,86.2718,93.2460,86.2451,93.1325
1305,86.2712,93.2489,86.2432,93.1332
1306,86.2707,93.2518,86.2414,93.1340
1307,86.2701,93.2547,86.2395,93.1347
1308,86.2696,93.2576,86.2377,93.1354
1309,86.2690,93.2605,86.2358,93.1362
1310,86.2684,93.2634,86.2340,93.1369
1311,86.2679,93.2663,86.2321,93.1377
1312,86.2673,93.2692,86.2302,93.1384
1313,86.2667,93.2721,86.2284,93.1392
1314,86.2663,93.2745,86.2265,93.1399
1315,86.2662,93.2758,86.2247,93.1406
1316,86.2661,93.2772,86.2228,93.1414
1317,86.2660,93.2785,86.2210,93.1421
1318,86.2659,93.2798,86.2191,93.1429
1319,86.2658,93.2811,86.2173,93.1436
1320,86.2658,93.2824,86.2154,93.1444
1321,86.2657,93.2837,86.2136,93.1451
1322,86.2656,93.2850,86.2117,93.1459
1323,86.2655,93.2863,86.2099,93.1466
1324,86.2654,93.2876,86.2081,93.1474
1325,86.2653,93.2889,86.2062,93.1481
1326,86.2652,93.2903,86.2044,93.1488
1327,86.2651,93.2916,86.2025,93.1496
1328,86.2650,93.2929,86.2007,93.1503
1329,86.2649,93.2942,86.1989,93.1511
1330,86.2648,93.2955,86.1974,93.1523
1331,86.2647,93.2968,86.1959,93.1534
1332,86.2646,93.2981,86.1944,93.1545
1333,86.2645,93.2994,86.1929,93.1556
1334,86.2644,93.3007,86.1914,93.1567
1335,86.2644,93.3020,86.1900,93.1578
1336,86.2643,93.3034,86.1885,93.1589
1337,86.2642,93.3047,86.1870,93.1600
1338,86.2641,93.3060,86.1855,93.1611
1339,86.2640,93.3073,86.1840,93.1622
1340,86.2639,93.3086,86.1825,93.1633
1341,86.2638,93.3099,86.1811,93.1644
1342,86.2637,93.3112,86.1796,93.1656
1343,86.2636,93.3125,86.1781,93.1667
1344,86.2635,93.3138,86.1766,93.1678
1345,86.2634,93.3151,86.1746,93.1685
1346,86.2633,93.3165,86.1727,93.1693
1347,86.2632,93.3178,86.1708,93.1701
1348,86.2631,93.3191,86.1689,93.1708
1349,86.2630,93.3204,86.1669,93.1716
1350,86.2629,93.3217,86.1650,93.1724
1351,86.2629,93.3230,86.1631,93.1732
1352,86.2628,93.3243,86.1611,93.1739
1353,86.2627,93.3256,86.1592,93.1747
1354,86.2626,93.3269,86.1573,93.1755
1355,86.2625,93.3282,86.1553,93.1762
1356,86.2624,93.3296,86.1534,93.1770
1357,86.2623,93.3309,86.1515,93.1778
1358,86.2622,93.3322,86.1495,93.1786
1359,86.2621,93.3335,86.1475,93.1795
1360,86.2620,93.3348,86.1452,93.1806
1361,86.2619,93.3361,86.1430,93.1818
1362,86.2618,93.3374,86.1408,93.1829
1363,86.2617,93.3387,86.1386,93.1840
1364,86.2616,93.3400,86.1363,93.1851
1365,86.2615,93.3413,86.1341,93.1862
1366,86.2614,93.3427,86.1319,93.1873
1367,86.2614,93.3440,86.1297,93.1884
1368,86.2613,93.3453,86.1275,93.1895
1369,86.2612,93.3466,86.1252,93.1907
1370,86.2611,93.3479,86.1230,93.1918
1371,86.2610,93.3492,86.1208,93.1929
1372,86.2609,93.3505,86.1186,93.1940
1373,86.2608,93.3518,86.1164,93.1951
1374,86.2607,93.3526,86.1146,93.1957
1375,86.2607,93.3526,86.1135,93.1957
1376,86.2607,93.3526,86.1124,93.1957
1377,86.2607,93.3526,86.1113,93.1957
1378,86.2607,93.3526,86.1102,93.1957
1379,86.2607,93.3526,86.1091,93.1957
1380,86.2607,93.3526,86.1079,93.1957
1381,86.2607,93.3526,86.1068,93.1957
1382,86.2607,93.3526,86.1057,93.1957
1383,86.2607,93.3526,86.1046,93.1957
1384,86.2607,93.3526,86.1035,93.1957
1385,86.2607,93.3526,86.1024,93.1957
1386,86.2607,93.3526,86.1013,93.1957
1387,86.2607,93.3526,86.1001,93.1957
1388,86.2607,93.3526,86.0990,93.1957
1389,86.2607,93.3526,86.0977,93.1957
1390,86.2607,93.3526,86.0958,93.1957
1391,86.2607,93.3526,86.0940,93.1957
1392,86.2607,93.3526,86.0921,93.1957
1393,86.2607,93.3526,86.0908,93.1957
1394,86.2607,93.3526,86.0908,93.1957
1395,86.2607,93.3526,86.0908,93.1957
1396,86.2607,93.3526,86.0908,93.1957
1397,86.2607,93.3526,86.0908,93.1957
1398,86.2607,93.3526,86.0908,93.1957
1399,86.2607,93.3526,86.0908,93.1957
1400,86.2607,93.3526,86.0908,93.1957
