# Cho et al. Cryogenics 46 (2006) 778-793, Fig. 8
# LOX T vs time, P=3 bar, T_He=288 K.
# r=0.81 and 1.21 min^-1 at T0=91 K (subcooled, warming);
# r=1.34 min^-1 at T0=102 K (saturated, cooling).
# 1 Hz linear interpolation of extracted vertices (no cubic overshoot).
time_s,r0.81_measured,r1.21_measured,r1.34_measured,r0.81_calculated,r1.21_calculated,r1.34_calculated
0,91.4151,91.0207,101.7918,91.5224,91.5130,101.7882
1,91.4151,91.0207,101.7918,91.5224,91.5130,101.7882
2,91.4151,91.0207,101.7918,91.5224,91.5130,101.7882
3,91.4150,91.0204,101.7744,91.5224,91.5130,101.7882
4,91.4149,91.0194,101.7394,91.5224,91.5130,101.7882
5,91.4148,91.0184,101.7043,91.5224,91.5130,101.7882
6,91.4147,91.0175,101.6692,91.5224,91.5130,101.7882
7,91.4146,91.0165,101.6342,91.5224,91.5130,101.7882
8,91.4145,91.0155,101.5991,91.5224,91.5130,101.7882
9,91.4143,91.0146,101.5641,91.5224,91.5130,101.7882
10,91.4142,91.0136,101.5290,91.5249,91.5146,101.7821
11,91.4141,91.0126,101.4939,91.5275,91.5163,101.7754
12,91.4140,91.0116,101.4589,91.5301,91.5180,101.7688
13,91.4139,91.0107,101.4238,91.5328,91.5197,101.7621
14,91.4138,91.0097,101.3888,91.5354,91.5214,101.7555
15,91.4136,91.0087,101.3537,91.5380,91.5231,101.7489
16,91.4135,91.0078,101.3186,91.5407,91.5248,101.7422
17,91.4134,91.0068,101.2836,91.5433,91.5265,101.7356
18,91.4133,91.0058,101.2485,91.5459,91.5282,101.7289
19,91.4132,91.0049,101.2135,91.5486,91.5299,101.7223
20,91.4131,91.0039,101.1784,91.5512,91.5316,101.7156
21,91.4129,91.0029,101.1433,91.5538,91.5333,101.7090
22,91.4128,91.0020,101.1083,91.5564,91.5351,101.7024
23,91.4127,91.0010,101.0732,91.5591,91.5368,101.6957
24,91.4126,91.0000,101.0382,91.5617,91.5385,101.6891
25,91.4125,90.9990,101.0031,91.5640,91.5396,101.6713
26,91.4124,90.9981,100.9680,91.5662,91.5407,101.6514
27,91.4122,90.9971,100.9330,91.5683,91.5418,101.6315
28,91.4121,90.9961,100.8979,91.5705,91.5429,101.6116
29,91.4120,90.9952,100.8629,91.5727,91.5440,101.5918
30,91.4119,90.9942,100.8278,91.5749,91.5451,101.5719
31,91.4118,90.9932,100.7927,91.5771,91.5462,101.5520
32,91.4117,90.9923,100.7577,91.5793,91.5473,101.5321
33,91.4115,90.9913,100.7226,91.5815,91.5484,101.5122
34,91.4114,90.9903,100.6876,91.5837,91.5495,101.4923
35,91.4113,90.9894,100.6525,91.5858,91.5506,101.4725
36,91.4112,90.9884,100.6174,91.5880,91.5517,101.4526
37,91.4111,90.9874,100.5824,91.5902,91.5528,101.4327
38,91.4110,90.9864,100.5473,91.5924,91.5539,101.4128
39,91.4108,90.9855,100.5123,91.5946,91.5550,101.3929
40,91.4107,90.9845,100.4772,91.5953,91.5565,101.3793
41,91.4106,90.9835,100.4421,91.5959,91.5580,101.3662
42,91.4105,90.9826,100.4071,91.5966,91.5596,101.3530
43,91.4104,90.9816,100.3720,91.5972,91.5611,101.3399
44,91.4103,90.9806,100.3370,91.5978,91.5627,101.3267
45,91.4101,90.9797,100.3019,91.5984,91.5642,101.3135
46,91.4100,90.9787,100.2668,91.5991,91.5657,101.3004
47,91.4099,90.9777,100.2318,91.5997,91.5673,101.2872
48,91.4098,90.9768,100.1967,91.6003,91.5688,101.2741
49,91.4097,90.9758,100.1617,91.6009,91.5704,101.2609
50,91.4096,90.9748,100.1266,91.6015,91.5719,101.2478
51,91.4095,90.9738,100.0915,91.6022,91.5735,101.2346
52,91.4093,90.9729,100.0565,91.6028,91.5750,101.2215
53,91.4092,90.9719,100.0214,91.6034,91.5766,101.2083
54,91.4091,90.9709,99.9864,91.6040,91.5781,101.1952
55,91.4090,90.9700,99.9513,91.6054,91.5793,101.1761
56,91.4089,90.9690,99.9162,91.6070,91.5804,101.1560
57,91.4088,90.9680,99.8812,91.6085,91.5814,101.1358
58,91.4086,90.9671,99.8461,91.6101,91.5825,101.1157
59,91.4085,90.9661,99.8111,91.6116,91.5836,101.0956
60,91.4084,90.9651,99.7760,91.6132,91.5847,101.0755
61,91.4083,90.9642,99.7409,91.6147,91.5858,101.0554
62,91.4082,90.9632,99.7059,91.6163,91.5869,101.0353
63,91.4084,90.9627,99.6757,91.6178,91.5880,101.0152
64,91.4103,90.9649,99.6557,91.6193,91.5890,100.9951
65,91.4122,90.9670,99.6357,91.6209,91.5901,100.9750
66,91.4141,90.9692,99.6157,91.6224,91.5912,100.9549
67,91.4159,90.9714,99.5957,91.6240,91.5923,100.9348
68,91.4178,90.9735,99.5757,91.6255,91.5934,100.9147
69,91.4197,90.9757,99.5557,91.6271,91.5945,100.8946
70,91.4216,90.9779,99.5357,91.6296,91.5956,100.8798
71,91.4235,90.9800,99.5157,91.6323,91.5967,100.8666
72,91.4254,90.9822,99.4957,91.6351,91.5977,100.8535
73,91.4273,90.9844,99.4757,91.6379,91.5988,100.8403
74,91.4292,90.9865,99.4557,91.6407,91.5999,100.8272
75,91.4311,90.9887,99.4357,91.6435,91.6010,100.8141
76,91.4330,90.9909,99.4157,91.6463,91.6021,100.8009
77,91.4349,90.9930,99.3957,91.6490,91.6032,100.7878
78,91.4368,90.9952,99.3757,91.6518,91.6043,100.7746
79,91.4387,90.9974,99.3557,91.6546,91.6053,100.7615
80,91.4406,90.9995,99.3357,91.6574,91.6064,100.7483
81,91.4425,91.0017,99.3157,91.6602,91.6075,100.7352
82,91.4444,91.0039,99.2957,91.6630,91.6086,100.7221
83,91.4463,91.0061,99.2757,91.6657,91.6097,100.7089
84,91.4482,91.0082,99.2557,91.6685,91.6108,100.6958
85,91.4501,91.0104,99.2357,91.6706,91.6119,100.6778
86,91.4520,91.0126,99.2157,91.6723,91.6129,100.6575
87,91.4538,91.0147,99.1957,91.6740,91.6140,100.6372
88,91.4557,91.0169,99.1757,91.6757,91.6151,100.6170
89,91.4576,91.0191,99.1557,91.6774,91.6162,100.5967
90,91.4595,91.0212,99.1358,91.6791,91.6173,100.5764
91,91.4614,91.0234,99.1158,91.6808,91.6183,100.5561
92,91.4633,91.0256,99.0958,91.6825,91.6194,100.5359
93,91.4652,91.0277,99.0758,91.6842,91.6205,100.5156
94,91.4671,91.0299,99.0558,91.6859,91.6216,100.4953
95,91.4690,91.0321,99.0358,91.6876,91.6227,100.4750
96,91.4709,91.0342,99.0158,91.6893,91.6237,100.4548
97,91.4728,91.0364,98.9958,91.6910,91.6248,100.4345
98,91.4747,91.0386,98.9758,91.6927,91.6259,100.4142
99,91.4766,91.0407,98.9558,91.6944,91.6270,100.3939
100,91.4785,91.0429,98.9358,91.6960,91.6284,100.3740
101,91.4804,91.0451,98.9158,91.6976,91.6301,100.3544
102,91.4823,91.0472,98.8958,91.6991,91.6318,100.3348
103,91.4842,91.0494,98.8758,91.7007,91.6336,100.3151
104,91.4861,91.0516,98.8558,91.7022,91.6353,100.2955
105,91.4880,91.0537,98.8358,91.7038,91.6370,100.2758
106,91.4898,91.0559,98.8158,91.7053,91.6387,100.2562
107,91.4917,91.0581,98.7958,91.7069,91.6404,100.2366
108,91.4936,91.0602,98.7758,91.7084,91.6421,100.2169
109,91.4955,91.0624,98.7558,91.7099,91.6438,100.1973
110,91.4974,91.0646,98.7358,91.7115,91.6455,100.1777
111,91.4993,91.0667,98.7158,91.7130,91.6472,100.1580
112,91.5012,91.0689,98.6958,91.7146,91.6489,100.1384
113,91.5031,91.0711,98.6758,91.7161,91.6506,100.1187
114,91.5050,91.0732,98.6558,91.7177,91.6523,100.0991
115,91.5069,91.0754,98.6358,91.7195,91.6540,100.0816
116,91.5088,91.0776,98.6158,91.7217,91.6557,100.0663
117,91.5107,91.0798,98.5958,91.7239,91.6574,100.0510
118,91.5126,91.0819,98.5758,91.7261,91.6591,100.0356
119,91.5145,91.0841,98.5558,91.7283,91.6609,100.0203
120,91.5164,91.0863,98.5358,91.7305,91.6626,100.0050
121,91.5183,91.0884,98.5158,91.7327,91.6643,99.9896
122,91.5202,91.0906,98.4958,91.7348,91.6660,99.9743
123,91.5221,91.0928,98.4772,91.7370,91.6677,99.9590
124,91.5240,91.0938,98.4656,91.7392,91.6695,99.9436
125,91.5259,91.0948,98.4540,91.7414,91.6712,99.9283
126,91.5278,91.0958,98.4424,91.7436,91.6729,99.9130
127,91.5297,91.0968,98.4308,91.7458,91.6746,99.8976
128,91.5316,91.0977,98.4192,91.7480,91.6763,99.8823
129,91.5335,91.0987,98.4076,91.7502,91.6780,99.8669
130,91.5354,91.0997,98.3960,91.7523,91.6794,99.8506
131,91.5373,91.1006,98.3844,91.7545,91.6805,99.8336
132,91.5392,91.1016,98.3728,91.7567,91.6816,99.8166
133,91.5411,91.1026,98.3612,91.7589,91.6826,99.7995
134,91.5430,91.1035,98.3496,91.7610,91.6837,99.7825
135,91.5449,91.1045,98.3380,91.7632,91.6848,99.7655
136,91.5468,91.1055,98.3264,91.7654,91.6859,99.7485
137,91.5487,91.1064,98.3148,91.7675,91.6870,99.7315
138,91.5506,91.1074,98.3032,91.7697,91.6881,99.7144
139,91.5525,91.1084,98.2916,91.7719,91.6892,99.6974
140,91.5544,91.1093,98.2800,91.7741,91.6902,99.6804
141,91.5563,91.1103,98.2684,91.7762,91.6913,99.6634
142,91.5582,91.1113,98.2568,91.7784,91.6924,99.6464
143,91.5601,91.1122,98.2452,91.7806,91.6935,99.6293
144,91.5620,91.1132,98.2336,91.7828,91.6946,99.6123
145,91.5639,91.1142,98.2220,91.7845,91.6957,99.5956
146,91.5658,91.1152,98.2104,91.7857,91.6968,99.5792
147,91.5677,91.1161,98.1988,91.7869,91.6978,99.5628
148,91.5696,91.1171,98.1872,91.7882,91.6989,99.5464
149,91.5715,91.1181,98.1756,91.7894,91.7000,99.5300
150,91.5734,91.1190,98.1640,91.7906,91.7011,99.5136
151,91.5753,91.1200,98.1524,91.7919,91.7022,99.4972
152,91.5772,91.1210,98.1408,91.7931,91.7032,99.4808
153,91.5791,91.1219,98.1292,91.7943,91.7043,99.4644
154,91.5810,91.1229,98.1176,91.7956,91.7054,99.4480
155,91.5829,91.1239,98.1060,91.7968,91.7065,99.4316
156,91.5848,91.1248,98.0944,91.7980,91.7076,99.4152
157,91.5867,91.1258,98.0828,91.7993,91.7087,99.3988
158,91.5886,91.1268,98.0712,91.8005,91.7097,99.3824
159,91.5905,91.1277,98.0596,91.8017,91.7108,99.3660
160,91.5924,91.1287,98.0480,91.8034,91.7121,99.3503
161,91.5942,91.1297,98.0364,91.8055,91.7136,99.3356
162,91.5961,91.1306,98.0248,91.8077,91.7152,99.3209
163,91.5980,91.1316,98.0132,91.8098,91.7167,99.3062
164,91.5999,91.1326,98.0016,91.8120,91.7183,99.2916
165,91.6018,91.1336,97.9900,91.8142,91.7198,99.2769
166,91.6037,91.1345,97.9784,91.8163,91.7214,99.2622
167,91.6056,91.1355,97.9668,91.8185,91.7229,99.2475
168,91.6075,91.1365,97.9552,91.8206,91.7244,99.2328
169,91.6094,91.1374,97.9436,91.8228,91.7260,99.2182
170,91.6113,91.1384,97.9320,91.8250,91.7275,99.2035
171,91.6132,91.1394,97.9204,91.8271,91.7291,99.1888
172,91.6151,91.1403,97.9088,91.8293,91.7306,99.1741
173,91.6170,91.1413,97.8972,91.8314,91.7322,99.1594
174,91.6189,91.1423,97.8856,91.8336,91.7337,99.1448
175,91.6208,91.1432,97.8740,91.8356,91.7351,99.1300
176,91.6227,91.1442,97.8624,91.8371,91.7362,99.1152
177,91.6246,91.1452,97.8508,91.8387,91.7373,99.1003
178,91.6265,91.1461,97.8392,91.8402,91.7383,99.0854
179,91.6284,91.1471,97.8276,91.8418,91.7394,99.0706
180,91.6303,91.1481,97.8160,91.8433,91.7405,99.0557
181,91.6322,91.1490,97.8044,91.8449,91.7416,99.0408
182,91.6341,91.1500,97.7928,91.8464,91.7427,99.0260
183,91.6360,91.1510,97.7812,91.8480,91.7437,99.0111
184,91.6379,91.1530,97.7720,91.8495,91.7448,98.9962
185,91.6397,91.1556,97.7634,91.8511,91.7459,98.9814
186,91.6414,91.1582,97.7547,91.8526,91.7470,98.9665
187,91.6432,91.1608,97.7461,91.8542,91.7481,98.9516
188,91.6450,91.1634,97.7375,91.8557,91.7492,98.9368
189,91.6468,91.1660,97.7288,91.8573,91.7502,98.9219
190,91.6486,91.1686,97.7202,91.8589,91.7516,98.9075
191,91.6504,91.1712,97.7116,91.8606,91.7538,98.8945
192,91.6522,91.1738,97.7030,91.8623,91.7559,98.8815
193,91.6539,91.1764,97.6943,91.8640,91.7581,98.8685
194,91.6557,91.1790,97.6857,91.8657,91.7603,98.8556
195,91.6575,91.1816,97.6771,91.8674,91.7625,98.8426
196,91.6593,91.1842,97.6684,91.8691,91.7646,98.8296
197,91.6611,91.1868,97.6598,91.8708,91.7668,98.8166
198,91.6629,91.1894,97.6512,91.8725,91.7690,98.8036
199,91.6646,91.1920,97.6425,91.8743,91.7711,98.7906
200,91.6664,91.1946,97.6339,91.8760,91.7733,98.7776
201,91.6682,91.1972,97.6253,91.8777,91.7755,98.7646
202,91.6700,91.1998,97.6167,91.8794,91.7777,98.7516
203,91.6718,91.2024,97.6080,91.8811,91.7798,98.7386
204,91.6736,91.2050,97.5994,91.8828,91.7820,98.7256
205,91.6754,91.2076,97.5908,91.8845,91.7840,98.7125
206,91.6771,91.2102,97.5821,91.8860,91.7853,98.6986
207,91.6789,91.2128,97.5735,91.8876,91.7865,98.6846
208,91.6807,91.2154,97.5649,91.8892,91.7878,98.6707
209,91.6825,91.2180,97.5562,91.8907,91.7890,98.6568
210,91.6843,91.2206,97.5476,91.8923,91.7903,98.6428
211,91.6861,91.2232,97.5390,91.8939,91.7915,98.6289
212,91.6879,91.2258,97.5303,91.8954,91.7928,98.6150
213,91.6896,91.2284,97.5217,91.8970,91.7940,98.6010
214,91.6914,91.2310,97.5131,91.8986,91.7953,98.5871
215,91.6932,91.2336,97.5045,91.9001,91.7965,98.5732
216,91.6950,91.2362,97.4958,91.9017,91.7978,98.5592
217,91.6968,91.2388,97.4872,91.9032,91.7990,98.5453
218,91.6986,91.2414,97.4786,91.9048,91.8003,98.5314
219,91.7004,91.2440,97.4699,91.9064,91.8015,98.5174
220,91.7021,91.2466,97.4613,91.9081,91.8026,98.5040
221,91.7039,91.2492,97.4527,91.9104,91.8030,98.4921
222,91.7057,91.2518,97.4440,91.9128,91.8035,98.4802
223,91.7075,91.2544,97.4354,91.9151,91.8039,98.4683
224,91.7093,91.2570,97.4268,91.9174,91.8044,98.4564
225,91.7111,91.2596,97.4182,91.9197,91.8049,98.4444
226,91.7128,91.2622,97.4095,91.9220,91.8053,98.4325
227,91.7146,91.2648,97.4009,91.9243,91.8058,98.4206
228,91.7164,91.2674,97.3923,91.9266,91.8063,98.4087
229,91.7182,91.2700,97.3836,91.9290,91.8067,98.3968
230,91.7200,91.2726,97.3750,91.9313,91.8072,98.3849
231,91.7218,91.2752,97.3664,91.9336,91.8077,98.3729
232,91.7236,91.2778,97.3577,91.9359,91.8081,98.3610
233,91.7253,91.2804,97.3491,91.9382,91.8086,98.3491
234,91.7271,91.2830,97.3405,91.9405,91.8091,98.3372
235,91.7289,91.2856,97.3318,91.9428,91.8097,98.3254
236,91.7307,91.2882,97.3232,91.9450,91.8114,98.3139
237,91.7325,91.2908,97.3146,91.9472,91.8131,98.3025
238,91.7343,91.2934,97.3060,91.9493,91.8148,98.2910
239,91.7361,91.2960,97.2973,91.9515,91.8165,98.2796
240,91.7378,91.2986,97.2887,91.9537,91.8182,98.2681
241,91.7396,91.3012,97.2801,91.9558,91.8199,98.2567
242,91.7414,91.3038,97.2714,91.9580,91.8216,98.2453
243,91.7432,91.3064,97.2628,91.9602,91.8233,98.2338
244,91.7457,91.3077,97.2543,91.9623,91.8250,98.2224
245,91.7490,91.3076,97.2458,91.9645,91.8267,98.2109
246,91.7523,91.3074,97.2373,91.9667,91.8284,98.1995
247,91.7556,91.3073,97.2288,91.9688,91.8301,98.1880
248,91.7589,91.3072,97.2203,91.9710,91.8318,98.1766
249,91.7621,91.3071,97.2118,91.9732,91.8335,98.1651
250,91.7654,91.3070,97.2033,91.9753,91.8351,98.1537
251,91.7687,91.3069,97.1948,91.9768,91.8362,98.1427
252,91.7720,91.3067,97.1863,91.9784,91.8373,98.1318
253,91.7753,91.3066,97.1778,91.9799,91.8384,98.1208
254,91.7786,91.3065,97.1693,91.9815,91.8395,98.1098
255,91.7819,91.3064,97.1608,91.9830,91.8406,98.0988
256,91.7851,91.3063,97.1523,91.9846,91.8417,98.0878
257,91.7884,91.3062,97.1438,91.9861,91.8427,98.0768
258,91.7917,91.3060,97.1353,91.9877,91.8438,98.0659
259,91.7950,91.3059,97.1268,91.9892,91.8449,98.0549
260,91.7983,91.3058,97.1183,91.9908,91.8460,98.0439
261,91.8016,91.3057,97.1099,91.9923,91.8471,98.0329
262,91.8049,91.3056,97.1014,91.9939,91.8482,98.0219
263,91.8082,91.3055,97.0929,91.9954,91.8493,98.0110
264,91.8114,91.3053,97.0844,91.9970,91.8503,98.0000
265,91.8147,91.3052,97.0759,91.9985,91.8514,97.9890
266,91.8180,91.3051,97.0674,92.0002,91.8530,97.9793
267,91.8213,91.3050,97.0589,92.0019,91.8545,97.9695
268,91.8246,91.3049,97.0504,92.0036,91.8561,97.9598
269,91.8279,91.3048,97.0419,92.0053,91.8576,97.9500
270,91.8312,91.3046,97.0334,92.0070,91.8592,97.9403
271,91.8345,91.3045,97.0249,92.0087,91.8607,97.9305
272,91.8377,91.3044,97.0164,92.0104,91.8623,97.9208
273,91.8410,91.3043,97.0079,92.0121,91.8638,97.9111
274,91.8443,91.3042,96.9994,92.0138,91.8654,97.9013
275,91.8476,91.3041,96.9909,92.0155,91.8670,97.8916
276,91.8509,91.3039,96.9824,92.0172,91.8685,97.8818
277,91.8542,91.3038,96.9739,92.0189,91.8701,97.8721
278,91.8575,91.3037,96.9655,92.0206,91.8716,97.8624
279,91.8608,91.3036,96.9570,92.0223,91.8732,97.8526
280,91.8640,91.3035,96.9485,92.0240,91.8747,97.8429
281,91.8673,91.3033,96.9400,92.0256,91.8758,97.8330
282,91.8706,91.3032,96.9315,92.0271,91.8769,97.8231
283,91.8739,91.3031,96.9230,92.0287,91.8780,97.8132
284,91.8772,91.3030,96.9145,92.0302,91.8791,97.8033
285,91.8805,91.3029,96.9060,92.0318,91.8801,97.7934
286,91.8838,91.3028,96.8975,92.0333,91.8812,97.7835
287,91.8871,91.3026,96.8890,92.0349,91.8823,97.7736
288,91.8903,91.3025,96.8805,92.0364,91.8834,97.7637
289,91.8936,91.3024,96.8720,92.0380,91.8845,97.7538
290,91.8969,91.3023,96.8635,92.0395,91.8856,97.7439
291,91.9002,91.3022,96.8550,92.0411,91.8866,97.7340
292,91.9035,91.3021,96.8465,92.0426,91.8877,97.7241
293,91.9068,91.3019,96.8380,92.0442,91.8888,97.7142
294,91.9101,91.3018,96.8295,92.0457,91.8899,97.7044
295,91.9133,91.3017,96.8210,92.0473,91.8910,97.6945
296,91.9166,91.3016,96.8126,92.0498,91.8920,97.6851
297,91.9199,91.3015,96.8041,92.0526,91.8931,97.6758
298,91.9232,91.3014,96.7956,92.0554,91.8942,97.6665
299,91.9265,91.3012,96.7871,92.0582,91.8953,97.6572
300,91.9298,91.3011,96.7786,92.0610,91.8964,97.6479
301,91.9331,91.3010,96.7701,92.0638,91.8975,97.6386
302,91.9364,91.3009,96.7616,92.0666,91.8986,97.6293
303,91.9396,91.3008,96.7531,92.0693,91.8996,97.6200
304,91.9425,91.3011,96.7455,92.0721,91.9007,97.6107
305,91.9425,91.3041,96.7388,92.0749,91.9018,97.6014
306,91.9425,91.3071,96.7321,92.0777,91.9029,97.5921
307,91.9425,91.3100,96.7254,92.0805,91.9040,97.5828
308,91.9425,91.3130,96.7187,92.0833,91.9051,97.5735
309,91.9425,91.3160,96.7120,92.0861,91.9062,97.5642
310,91.9425,91.3190,96.7053,92.0888,91.9073,97.5549
311,91.9425,91.3220,96.6986,92.0912,91.9088,97.5459
312,91.9425,91.3250,96.6919,92.0934,91.9105,97.5370
313,91.9425,91.3280,96.6853,92.0956,91.9122,97.5281
314,91.9425,91.3310,96.6786,92.0978,91.9140,97.5192
315,91.9425,91.3339,96.6719,92.0999,91.9157,97.5102
316,91.9425,91.3369,96.6652,92.1021,91.9174,97.5013
317,91.9425,91.3399,96.6585,92.1043,91.9191,97.4924
318,91.9425,91.3429,96.6518,92.1065,91.9208,97.4835
319,91.9425,91.3459,96.6451,92.1087,91.9226,97.4746
320,91.9425,91.3489,96.6384,92.1109,91.9243,97.4656
321,91.9425,91.3519,96.6317,92.1131,91.9260,97.4567
322,91.9425,91.3549,96.6250,92.1153,91.9277,97.4478
323,91.9425,91.3578,96.6183,92.1175,91.9294,97.4389
324,91.9425,91.3608,96.6116,92.1197,91.9311,97.4300
325,91.9425,91.3638,96.6050,92.1219,91.9329,97.4211
326,91.9425,91.3668,96.5983,92.1227,91.9337,97.4127
327,91.9425,91.3698,96.5916,92.1234,91.9343,97.4045
328,91.9425,91.3728,96.5849,92.1240,91.9349,97.3963
329,91.9425,91.3758,96.5782,92.1246,91.9355,97.3881
330,91.9425,91.3788,96.5715,92.1252,91.9361,97.3799
331,91.9425,91.3817,96.5648,92.1258,91.9367,97.3717
332,91.9425,91.3847,96.5581,92.1264,91.9374,97.3635
333,91.9425,91.3877,96.5514,92.1271,91.9380,97.3553
334,91.9425,91.3907,96.5447,92.1277,91.9386,97.3471
335,91.9425,91.3937,96.5380,92.1283,91.9392,97.3389
336,91.9425,91.3967,96.5313,92.1289,91.9398,97.3307
337,91.9425,91.3997,96.5246,92.1295,91.9404,97.3225
338,91.9425,91.4027,96.5180,92.1301,91.9411,97.3143
339,91.9425,91.4056,96.5113,92.1308,91.9417,97.3061
340,91.9425,91.4086,96.5046,92.1314,91.9423,97.2979
341,91.9425,91.4116,96.4979,92.1332,91.9433,97.2898
342,91.9425,91.4146,96.4912,92.1353,91.9443,97.2818
343,91.9425,91.4176,96.4845,92.1375,91.9454,97.2738
344,91.9425,91.4206,96.4778,92.1397,91.9465,97.2657
345,91.9425,91.4236,96.4711,92.1418,91.9476,97.2577
346,91.9425,91.4266,96.4644,92.1440,91.9487,97.2497
347,91.9425,91.4295,96.4577,92.1462,91.9498,97.2416
348,91.9425,91.4325,96.4510,92.1483,91.9509,97.2336
349,91.9425,91.4355,96.4443,92.1505,91.9520,97.2256
350,91.9425,91.4385,96.4377,92.1527,91.9530,97.2175
351,91.9425,91.4415,96.4310,92.1548,91.9541,97.2095
352,91.9425,91.4445,96.4243,92.1570,91.9552,97.2015
353,91.9425,91.4475,96.4176,92.1592,91.9563,97.1934
354,91.9425,91.4505,96.4109,92.1613,91.9574,97.1854
355,91.9425,91.4534,96.4042,92.1635,91.9585,97.1774
356,91.9425,91.4564,96.3975,92.1653,91.9599,97.1702
357,91.9425,91.4594,96.3908,92.1668,91.9614,97.1636
358,91.9425,91.4624,96.3841,92.1683,91.9630,97.1569
359,91.9425,91.4654,96.3774,92.1699,91.9645,97.1503
360,91.9425,91.4684,96.3707,92.1714,91.9660,97.1436
361,91.9425,91.4714,96.3640,92.1730,91.9676,97.1370
362,91.9425,91.4744,96.3573,92.1745,91.9691,97.1303
363,91.9425,91.4773,96.3507,92.1761,91.9707,97.1237
364,91.9425,91.4803,96.3453,92.1776,91.9722,97.1170
365,91.9455,91.4819,96.3475,92.1792,91.9738,97.1104
366,91.9486,91.4834,96.3497,92.1807,91.9753,97.1037
367,91.9518,91.4849,96.3519,92.1822,91.9769,97.0971
368,91.9549,91.4864,96.3542,92.1838,91.9784,97.0904
369,91.9581,91.4879,96.3564,92.1853,91.9799,97.0837
370,91.9612,91.4894,96.3586,92.1869,91.9815,97.0771
371,91.9643,91.4910,96.3608,92.1885,91.9828,97.0702
372,91.9675,91.4925,96.3630,92.1902,91.9839,97.0631
373,91.9706,91.4940,96.3652,92.1919,91.9849,97.0559
374,91.9737,91.4955,96.3674,92.1936,91.9860,97.0488
375,91.9769,91.4970,96.3696,92.1953,91.9871,97.0417
376,91.9800,91.4985,96.3718,92.1970,91.9882,97.0346
377,91.9832,91.5000,96.3740,92.1987,91.9893,97.0275
378,91.9863,91.5015,96.3763,92.2004,91.9904,97.0204
379,91.9894,91.5030,96.3785,92.2021,91.9915,97.0133
380,91.9926,91.5045,96.3807,92.2039,91.9925,97.0061
381,91.9957,91.5061,96.3829,92.2056,91.9936,96.9990
382,91.9988,91.5076,96.3851,92.2073,91.9947,96.9919
383,92.0020,91.5091,96.3873,92.2090,91.9958,96.9848
384,92.0051,91.5106,96.3895,92.2107,91.9969,96.9777
385,92.0082,91.5121,96.3917,92.2124,91.9980,96.9706
386,92.0114,91.5136,96.3939,92.2141,91.9994,96.9637
387,92.0145,91.5151,96.3962,92.2158,92.0011,96.9572
388,92.0177,91.5166,96.3984,92.2175,92.0028,96.9507
389,92.0208,91.5181,96.4006,92.2192,92.0045,96.9442
390,92.0239,91.5196,96.4028,92.2209,92.0062,96.9377
391,92.0271,91.5212,96.4050,92.2226,92.0079,96.9312
392,92.0302,91.5227,96.4072,92.2243,92.0096,96.9247
393,92.0333,91.5242,96.4094,92.2260,92.0113,96.9182
394,92.0365,91.5257,96.4116,92.2276,92.0129,96.9117
395,92.0396,91.5272,96.4138,92.2293,92.0146,96.9052
396,92.0428,91.5287,96.4160,92.2310,92.0163,96.8987
397,92.0459,91.5302,96.4183,92.2327,92.0180,96.8922
398,92.0490,91.5317,96.4205,92.2344,92.0197,96.8857
399,92.0522,91.5332,96.4227,92.2361,92.0214,96.8792
400,92.0553,91.5348,96.4249,92.2378,92.0231,96.8726
401,92.0584,91.5363,96.4271,92.2397,92.0246,96.8661
402,92.0616,91.5378,96.4293,92.2419,92.0257,96.8595
403,92.0647,91.5393,96.4315,92.2441,92.0268,96.8530
404,92.0678,91.5408,96.4337,92.2463,92.0279,96.8464
405,92.0710,91.5423,96.4359,92.2485,92.0290,96.8398
406,92.0741,91.5438,96.4381,92.2507,92.0301,96.8333
407,92.0773,91.5453,96.4404,92.2529,92.0312,96.8267
408,92.0804,91.5468,96.4426,92.2551,92.0323,96.8201
409,92.0835,91.5483,96.4448,92.2573,92.0334,96.8136
410,92.0867,91.5499,96.4470,92.2595,92.0345,96.8070
411,92.0898,91.5514,96.4492,92.2617,92.0356,96.8004
412,92.0929,91.5529,96.4514,92.2639,92.0367,96.7939
413,92.0961,91.5544,96.4536,92.2661,92.0378,96.7873
414,92.0992,91.5559,96.4558,92.2683,92.0389,96.7807
415,92.1024,91.5574,96.4580,92.2704,92.0400,96.7742
416,92.1055,91.5589,96.4603,92.2726,92.0414,96.7675
417,92.1086,91.5604,96.4625,92.2748,92.0431,96.7609
418,92.1118,91.5619,96.4647,92.2769,92.0448,96.7542
419,92.1149,91.5634,96.4669,92.2791,92.0465,96.7476
420,92.1180,91.5650,96.4691,92.2813,92.0482,96.7409
421,92.1212,91.5665,96.4713,92.2834,92.0499,96.7343
422,92.1243,91.5680,96.4735,92.2856,92.0516,96.7276
423,92.1274,91.5695,96.4757,92.2877,92.0533,96.7210
424,92.1306,91.5710,96.4779,92.2899,92.0550,96.7143
425,92.1313,91.5722,96.4679,92.2921,92.0567,96.7077
426,92.1310,91.5733,96.4577,92.2942,92.0584,96.7010
427,92.1307,91.5744,96.4474,92.2964,92.0600,96.6944
428,92.1305,91.5755,96.4372,92.2986,92.0617,96.6877
429,92.1302,91.5765,96.4269,92.3007,92.0634,96.6810
430,92.1299,91.5776,96.4167,92.3029,92.0651,96.6744
431,92.1297,91.5787,96.4064,92.3048,92.0666,96.6682
432,92.1294,91.5798,96.3962,92.3066,92.0677,96.6628
433,92.1291,91.5809,96.3860,92.3083,92.0688,96.6574
434,92.1288,91.5820,96.3757,92.3100,92.0698,96.6520
435,92.1286,91.5831,96.3655,92.3117,92.0709,96.6466
436,92.1283,91.5841,96.3552,92.3134,92.0720,96.6412
437,92.1280,91.5852,96.3450,92.3151,92.0731,96.6358
438,92.1278,91.5863,96.3347,92.3168,92.0742,96.6303
439,92.1275,91.5874,96.3245,92.3185,92.0753,96.6249
440,92.1272,91.5885,96.3142,92.3202,92.0764,96.6195
441,92.1269,91.5896,96.3040,92.3219,92.0775,96.6141
442,92.1267,91.5906,96.2937,92.3236,92.0785,96.6087
443,92.1264,91.5917,96.2835,92.3253,92.0796,96.6033
444,92.1261,91.5928,96.2732,92.3270,92.0807,96.5979
445,92.1259,91.5939,96.2630,92.3287,92.0818,96.5924
446,92.1256,91.5950,96.2527,92.3305,92.0829,96.5872
447,92.1253,91.5961,96.2425,92.3327,92.0840,96.5822
448,92.1250,91.5972,96.2322,92.3349,92.0850,96.5773
449,92.1248,91.5982,96.2220,92.3370,92.0861,96.5723
450,92.1245,91.5993,96.2117,92.3392,92.0872,96.5674
451,92.1242,91.6004,96.2015,92.3414,92.0883,96.5624
452,92.1240,91.6015,96.1912,92.3436,92.0894,96.5575
453,92.1237,91.6026,96.1810,92.3457,92.0905,96.5525
454,92.1234,91.6037,96.1707,92.3479,92.0915,96.5476
455,92.1231,91.6047,96.1605,92.3501,92.0926,96.5427
456,92.1229,91.6058,96.1502,92.3522,92.0937,96.5377
457,92.1226,91.6069,96.1400,92.3544,92.0948,96.5328
458,92.1223,91.6080,96.1298,92.3566,92.0959,96.5278
459,92.1221,91.6091,96.1195,92.3587,92.0969,96.5229
460,92.1218,91.6102,96.1093,92.3609,92.0980,96.5179
461,92.1215,91.6112,96.0990,92.3628,92.0992,96.5129
462,92.1212,91.6123,96.0888,92.3639,92.1008,96.5074
463,92.1210,91.6134,96.0785,92.3650,92.1023,96.5020
464,92.1207,91.6145,96.0683,92.3660,92.1039,96.4966
465,92.1204,91.6156,96.0580,92.3671,92.1054,96.4912
466,92.1202,91.6167,96.0478,92.3682,92.1070,96.4858
467,92.1199,91.6178,96.0375,92.3693,92.1085,96.4804
468,92.1196,91.6188,96.0273,92.3704,92.1101,96.4749
469,92.1193,91.6199,96.0170,92.3714,92.1116,96.4695
470,92.1191,91.6210,96.0068,92.3725,92.1132,96.4641
471,92.1188,91.6221,95.9965,92.3736,92.1147,96.4587
472,92.1185,91.6232,95.9863,92.3747,92.1163,96.4533
473,92.1183,91.6243,95.9760,92.3758,92.1178,96.4479
474,92.1180,91.6253,95.9658,92.3769,92.1194,96.4424
475,92.1177,91.6264,95.9555,92.3779,92.1209,96.4370
476,92.1174,91.6275,95.9453,92.3791,92.1224,96.4317
477,92.1172,91.6286,95.9350,92.3806,92.1235,96.4267
478,92.1169,91.6297,95.9248,92.3822,92.1246,96.4218
479,92.1166,91.6308,95.9145,92.3837,92.1256,96.4168
480,92.1164,91.6319,95.9043,92.3853,92.1267,96.4119
481,92.1161,91.6329,95.8940,92.3868,92.1278,96.4070
482,92.1158,91.6340,95.8838,92.3884,92.1288,96.4020
483,92.1156,91.6351,95.8736,92.3899,92.1299,96.3971
484,92.1153,91.6362,95.8633,92.3914,92.1310,96.3921
485,92.1159,91.6377,95.8574,92.3930,92.1321,96.3872
486,92.1176,91.6398,95.8540,92.3945,92.1331,96.3822
487,92.1192,91.6418,95.8506,92.3961,92.1342,96.3773
488,92.1209,91.6439,95.8471,92.3976,92.1353,96.3723
489,92.1226,91.6460,95.8437,92.3992,92.1364,96.3674
490,92.1242,91.6480,95.8403,92.4007,92.1374,96.3625
491,92.1259,91.6501,95.8368,92.4023,92.1386,96.3575
492,92.1276,91.6521,95.8334,92.4040,92.1403,96.3526
493,92.1292,91.6542,95.8300,92.4057,92.1420,96.3476
494,92.1309,91.6562,95.8265,92.4074,92.1437,96.3427
495,92.1326,91.6583,95.8231,92.4091,92.1454,96.3377
496,92.1342,91.6603,95.8197,92.4108,92.1471,96.3328
497,92.1359,91.6624,95.8162,92.4125,92.1488,96.3278
498,92.1376,91.6645,95.8128,92.4142,92.1505,96.3229
499,92.1393,91.6665,95.8094,92.4159,92.1522,96.3179
500,92.1409,91.6686,95.8059,92.4176,92.1539,96.3130
501,92.1426,91.6706,95.8025,92.4193,92.1557,96.3080
502,92.1443,91.6727,95.7991,92.4210,92.1574,96.3031
503,92.1459,91.6747,95.7956,92.4227,92.1591,96.2981
504,92.1476,91.6768,95.7922,92.4244,92.1608,96.2931
505,92.1493,91.6788,95.7888,92.4261,92.1625,96.2882
506,92.1509,91.6809,95.7853,92.4278,92.1642,96.2832
507,92.1526,91.6830,95.7819,92.4300,92.1653,96.2789
508,92.1543,91.6850,95.7785,92.4322,92.1664,96.2745
509,92.1559,91.6871,95.7750,92.4344,92.1675,96.2701
510,92.1576,91.6891,95.7716,92.4366,92.1686,96.2657
511,92.1593,91.6912,95.7682,92.4387,92.1697,96.2613
512,92.1609,91.6932,95.7647,92.4409,92.1707,96.2569
513,92.1626,91.6953,95.7613,92.4431,92.1718,96.2525
514,92.1643,91.6974,95.7579,92.4453,92.1729,96.2481
515,92.1659,91.6994,95.7544,92.4475,92.1740,96.2438
516,92.1676,91.7015,95.7510,92.4497,92.1751,96.2394
517,92.1693,91.7035,95.7476,92.4519,92.1762,96.2350
518,92.1709,91.7056,95.7441,92.4541,92.1773,96.2306
519,92.1726,91.7076,95.7407,92.4562,92.1784,96.2262
520,92.1743,91.7097,95.7373,92.4584,92.1794,96.2218
521,92.1759,91.7117,95.7338,92.4606,92.1806,96.2174
522,92.1776,91.7138,95.7304,92.4628,92.1823,96.2131
523,92.1793,91.7159,95.7270,92.4650,92.1840,96.2088
524,92.1809,91.7179,95.7235,92.4671,92.1857,96.2044
525,92.1826,91.7200,95.7201,92.4693,92.1874,96.2001
526,92.1843,91.7220,95.7167,92.4715,92.1891,96.1958
527,92.1859,91.7241,95.7132,92.4737,92.1908,96.1914
528,92.1876,91.7261,95.7098,92.4758,92.1925,96.1871
529,92.1893,91.7282,95.7064,92.4780,92.1943,96.1828
530,92.1910,91.7302,95.7029,92.4802,92.1960,96.1784
531,92.1926,91.7323,95.6995,92.4824,92.1977,96.1741
532,92.1943,91.7344,95.6961,92.4845,92.1994,96.1698
533,92.1960,91.7364,95.6926,92.4867,92.2011,96.1654
534,92.1976,91.7385,95.6892,92.4889,92.2028,96.1611
535,92.1993,91.7405,95.6858,92.4910,92.2045,96.1568
536,92.2010,91.7426,95.6823,92.4932,92.2062,96.1524
537,92.2026,91.7446,95.6789,92.4943,92.2073,96.1486
538,92.2043,91.7467,95.6755,92.4954,92.2084,96.1447
539,92.2060,91.7487,95.6720,92.4965,92.2094,96.1408
540,92.2076,91.7508,95.6686,92.4976,92.2105,96.1370
541,92.2093,91.7529,95.6652,92.4986,92.2116,96.1331
542,92.2110,91.7549,95.6617,92.4997,92.2127,96.1292
543,92.2126,91.7570,95.6583,92.5008,92.2137,96.1254
544,92.2143,91.7590,95.6549,92.5019,92.2148,96.1215
545,92.2167,91.7608,95.6509,92.5030,92.2159,96.1176
546,92.2209,91.7619,95.6464,92.5040,92.2170,96.1138
547,92.2252,91.7631,95.6419,92.5051,92.2180,96.1099
548,92.2294,91.7642,95.6374,92.5062,92.2191,96.1060
549,92.2336,91.7653,95.6328,92.5073,92.2202,96.1022
550,92.2378,91.7664,95.6283,92.5084,92.2213,96.0983
551,92.2421,91.7675,95.6238,92.5094,92.2223,96.0945
552,92.2463,91.7687,95.6193,92.5115,92.2234,96.0902
553,92.2505,91.7698,95.6148,92.5137,92.2245,96.0858
554,92.2547,91.7709,95.6103,92.5158,92.2256,96.0815
555,92.2589,91.7720,95.6057,92.5180,92.2267,96.0772
556,92.2632,91.7732,95.6012,92.5202,92.2278,96.0728
557,92.2674,91.7743,95.5967,92.5223,92.2289,96.0685
558,92.2716,91.7754,95.5922,92.5245,92.2299,96.0641
559,92.2758,91.7765,95.5877,92.5267,92.2310,96.0598
560,92.2801,91.7777,95.5831,92.5288,92.2321,96.0555
561,92.2843,91.7788,95.5786,92.5310,92.2332,96.0511
562,92.2885,91.7799,95.5741,92.5332,92.2343,96.0468
563,92.2927,91.7810,95.5696,92.5353,92.2354,96.0425
564,92.2969,91.7821,95.5651,92.5375,92.2365,96.0381
565,92.3012,91.7833,95.5606,92.5397,92.2376,96.0338
566,92.3054,91.7844,95.5560,92.5418,92.2386,96.0295
567,92.3096,91.7855,95.5515,92.5436,92.2397,96.0255
568,92.3138,91.7866,95.5470,92.5453,92.2408,96.0217
569,92.3181,91.7878,95.5425,92.5470,92.2419,96.0178
570,92.3223,91.7889,95.5380,92.5487,92.2430,96.0139
571,92.3265,91.7900,95.5335,92.5504,92.2441,96.0101
572,92.3307,91.7911,95.5289,92.5521,92.2452,96.0062
573,92.3350,91.7922,95.5244,92.5538,92.2462,96.0024
574,92.3392,91.7934,95.5199,92.5555,92.2473,95.9985
575,92.3434,91.7945,95.5154,92.5572,92.2484,95.9946
576,92.3476,91.7956,95.5109,92.5589,92.2495,95.9908
577,92.3518,91.7967,95.5063,92.5606,92.2506,95.9869
578,92.3561,91.7979,95.5018,92.5623,92.2517,95.9831
579,92.3603,91.7990,95.4973,92.5640,92.2528,95.9792
580,92.3645,91.8001,95.4928,92.5657,92.2539,95.9754
581,92.3687,91.8012,95.4883,92.5674,92.2549,95.9715
582,92.3730,91.8024,95.4838,92.5694,92.2560,95.9676
583,92.3772,91.8035,95.4792,92.5716,92.2571,95.9638
584,92.3814,91.8046,95.4747,92.5738,92.2582,95.9599
585,92.3856,91.8057,95.4702,92.5760,92.2593,95.9560
586,92.3899,91.8068,95.4657,92.5781,92.2604,95.9521
587,92.3941,91.8080,95.4612,92.5803,92.2614,95.9483
588,92.3983,91.8091,95.4566,92.5825,92.2625,95.9444
589,92.4025,91.8102,95.4521,92.5847,92.2636,95.9405
590,92.4067,91.8113,95.4476,92.5868,92.2647,95.9367
591,92.4110,91.8125,95.4431,92.5890,92.2658,95.9328
592,92.4152,91.8136,95.4386,92.5912,92.2668,95.9289
593,92.4194,91.8147,95.4341,92.5934,92.2679,95.9250
594,92.4236,91.8158,95.4295,92.5955,92.2690,95.9212
595,92.4279,91.8169,95.4250,92.5977,92.2701,95.9173
596,92.4321,91.8181,95.4205,92.5999,92.2712,95.9134
597,92.4363,91.8192,95.4160,92.6021,92.2723,95.9099
598,92.4405,91.8203,95.4115,92.6042,92.2733,95.9066
599,92.4448,91.8214,95.4069,92.6064,92.2744,95.9034
600,92.4490,91.8226,95.4024,92.6086,92.2755,95.9001
601,92.4532,91.8237,95.3979,92.6108,92.2766,95.8968
602,92.4574,91.8248,95.3934,92.6130,92.2777,95.8935
603,92.4616,91.8259,95.3889,92.6152,92.2788,95.8902
604,92.4659,91.8271,95.3844,92.6174,92.2799,95.8869
605,92.4699,91.8282,95.3802,92.6196,92.2810,95.8836
606,92.4689,91.8301,95.3770,92.6217,92.2821,95.8803
607,92.4680,91.8320,95.3737,92.6239,92.2832,95.8771
608,92.4670,91.8339,95.3704,92.6261,92.2843,95.8738
609,92.4660,91.8358,95.3671,92.6283,92.2854,95.8705
610,92.4650,91.8377,95.3639,92.6305,92.2865,95.8672
611,92.4641,91.8396,95.3606,92.6327,92.2876,95.8639
612,92.4631,91.8415,95.3573,92.6341,92.2890,95.8607
613,92.4621,91.8434,95.3541,92.6351,92.2905,95.8574
614,92.4612,91.8453,95.3508,92.6362,92.2921,95.8542
615,92.4602,91.8472,95.3475,92.6373,92.2936,95.8509
616,92.4592,91.8491,95.3443,92.6384,92.2952,95.8477
617,92.4583,91.8510,95.3410,92.6395,92.2967,95.8444
618,92.4573,91.8529,95.3377,92.6406,92.2983,95.8412
619,92.4563,91.8548,95.3345,92.6417,92.2998,95.8379
620,92.4554,91.8567,95.3312,92.6427,92.3013,95.8347
621,92.4544,91.8586,95.3279,92.6438,92.3029,95.8314
622,92.4534,91.8605,95.3246,92.6449,92.3044,95.8282
623,92.4524,91.8624,95.3214,92.6460,92.3060,95.8249
624,92.4515,91.8643,95.3181,92.6471,92.3075,95.8217
625,92.4505,91.8662,95.3148,92.6482,92.3091,95.8185
626,92.4495,91.8681,95.3116,92.6493,92.3106,95.8152
627,92.4486,91.8700,95.3083,92.6510,92.3119,95.8120
628,92.4476,91.8719,95.3050,92.6532,92.3132,95.8087
629,92.4466,91.8738,95.3018,92.6554,92.3144,95.8055
630,92.4457,91.8757,95.2985,92.6575,92.3157,95.8022
631,92.4447,91.8776,95.2952,92.6597,92.3169,95.7990
632,92.4437,91.8794,95.2920,92.6619,92.3181,95.7957
633,92.4428,91.8813,95.2887,92.6641,92.3194,95.7925
634,92.4418,91.8832,95.2854,92.6662,92.3206,95.7892
635,92.4408,91.8851,95.2822,92.6684,92.3219,95.7860
636,92.4398,91.8870,95.2789,92.6706,92.3231,95.7827
637,92.4389,91.8889,95.2756,92.6727,92.3243,95.7795
638,92.4379,91.8908,95.2723,92.6749,92.3256,95.7762
639,92.4369,91.8927,95.2691,92.6771,92.3268,95.7730
640,92.4360,91.8946,95.2658,92.6792,92.3281,95.7697
641,92.4350,91.8965,95.2625,92.6814,92.3293,95.7665
642,92.4340,91.8984,95.2593,92.6827,92.3307,95.7632
643,92.4331,91.9003,95.2560,92.6833,92.3323,95.7600
644,92.4321,91.9022,95.2527,92.6839,92.3338,95.7567
645,92.4311,91.9041,95.2495,92.6845,92.3354,95.7535
646,92.4302,91.9060,95.2462,92.6852,92.3369,95.7502
647,92.4292,91.9079,95.2429,92.6858,92.3384,95.7470
648,92.4282,91.9098,95.2397,92.6864,92.3400,95.7437
649,92.4272,91.9117,95.2364,92.6870,92.3415,95.7405
650,92.4263,91.9136,95.2331,92.6876,92.3431,95.7372
651,92.4253,91.9155,95.2298,92.6882,92.3446,95.7340
652,92.4243,91.9174,95.2266,92.6889,92.3462,95.7307
653,92.4234,91.9193,95.2233,92.6895,92.3477,95.7275
654,92.4224,91.9212,95.2200,92.6901,92.3493,95.7242
655,92.4214,91.9231,95.2168,92.6907,92.3508,95.7210
656,92.4205,91.9250,95.2135,92.6913,92.3524,95.7177
657,92.4195,91.9269,95.2102,92.6927,92.3537,95.7147
658,92.4185,91.9288,95.2070,92.6949,92.3548,95.7119
659,92.4176,91.9307,95.2037,92.6970,92.3558,95.7091
660,92.4166,91.9326,95.2004,92.6992,92.3569,95.7064
661,92.4156,91.9345,95.1972,92.7014,92.3580,95.7036
662,92.4147,91.9364,95.1939,92.7035,92.3591,95.7008
663,92.4137,91.9383,95.1906,92.7057,92.3602,95.6980
664,92.4127,91.9402,95.1874,92.7079,92.3613,95.6952
665,92.4117,91.9421,95.1841,92.7100,92.3624,95.6924
666,92.4136,91.9438,95.1844,92.7122,92.3635,95.6897
667,92.4162,91.9454,95.1848,92.7144,92.3645,95.6869
668,92.4188,91.9470,95.1852,92.7165,92.3656,95.6841
669,92.4214,91.9487,95.1856,92.7187,92.3667,95.6813
670,92.4240,91.9503,95.1860,92.7209,92.3678,95.6785
671,92.4266,91.9519,95.1864,92.7230,92.3689,95.6757
672,92.4292,91.9535,95.1868,92.7254,92.3702,95.6728
673,92.4318,91.9552,95.1872,92.7282,92.3719,95.6695
674,92.4344,91.9568,95.1876,92.7310,92.3736,95.6663
675,92.4370,91.9584,95.1880,92.7338,92.3753,95.6630
676,92.4395,91.9601,95.1884,92.7366,92.3770,95.6598
677,92.4421,91.9617,95.1888,92.7394,92.3787,95.6565
678,92.4447,91.9633,95.1892,92.7421,92.3804,95.6533
679,92.4473,91.9650,95.1897,92.7449,92.3821,95.6500
680,92.4499,91.9666,95.1901,92.7477,92.3838,95.6468
681,92.4525,91.9682,95.1905,92.7505,92.3855,95.6435
682,92.4551,91.9698,95.1909,92.7533,92.3872,95.6403
683,92.4577,91.9715,95.1913,92.7561,92.3889,95.6371
684,92.4603,91.9731,95.1917,92.7588,92.3906,95.6338
685,92.4629,91.9747,95.1921,92.7616,92.3923,95.6306
686,92.4655,91.9764,95.1925,92.7644,92.3940,95.6273
687,92.4681,91.9780,95.1929,92.7667,92.3955,95.6242
688,92.4707,91.9796,95.1933,92.7678,92.3966,95.6214
689,92.4733,91.9812,95.1937,92.7688,92.3977,95.6186
690,92.4759,91.9829,95.1941,92.7699,92.3988,95.6157
691,92.4785,91.9845,95.1945,92.7710,92.3999,95.6129
692,92.4811,91.9861,95.1949,92.7721,92.4010,95.6101
693,92.4837,91.9878,95.1954,92.7732,92.4021,95.6073
694,92.4863,91.9894,95.1958,92.7743,92.4032,95.6045
695,92.4889,91.9910,95.1962,92.7754,92.4043,95.6017
696,92.4915,91.9927,95.1966,92.7765,92.4054,95.5988
697,92.4941,91.9943,95.1970,92.7775,92.4065,95.5960
698,92.4967,91.9959,95.1974,92.7786,92.4076,95.5932
699,92.4993,91.9975,95.1978,92.7797,92.4087,95.5904
700,92.5019,91.9992,95.1982,92.7808,92.4098,95.5876
701,92.5045,92.0008,95.1986,92.7819,92.4109,95.5848
702,92.5071,92.0024,95.1990,92.7834,92.4120,95.5819
703,92.5097,92.0041,95.1994,92.7856,92.4131,95.5792
704,92.5123,92.0057,95.1998,92.7878,92.4141,95.5764
705,92.5149,92.0073,95.2002,92.7899,92.4152,95.5736
706,92.5175,92.0090,95.2006,92.7921,92.4163,95.5708
707,92.5201,92.0106,95.2011,92.7943,92.4174,95.5680
708,92.5227,92.0122,95.2015,92.7964,92.4185,95.5652
709,92.5253,92.0138,95.2019,92.7986,92.4195,95.5625
710,92.5279,92.0155,95.2023,92.8008,92.4206,95.5597
711,92.5305,92.0171,95.2027,92.8029,92.4217,95.5569
712,92.5331,92.0187,95.2031,92.8051,92.4228,95.5541
713,92.5357,92.0204,95.2035,92.8073,92.4239,95.5513
714,92.5383,92.0220,95.2039,92.8094,92.4249,95.5485
715,92.5409,92.0236,95.2043,92.8116,92.4260,95.5457
716,92.5435,92.0252,95.2047,92.8138,92.4271,95.5430
717,92.5461,92.0269,95.2051,92.8156,92.4282,95.5402
718,92.5487,92.0285,95.2055,92.8167,92.4293,95.5375
719,92.5513,92.0301,95.2059,92.8179,92.4305,95.5347
720,92.5539,92.0318,95.2063,92.8190,92.4316,95.5320
721,92.5565,92.0334,95.2068,92.8201,92.4327,95.5293
722,92.5591,92.0350,95.2072,92.8212,92.4338,95.5266
723,92.5617,92.0367,95.2076,92.8224,92.4350,95.5238
724,92.5643,92.0383,95.2080,92.8235,92.4361,95.5211
725,92.5669,92.0399,95.2084,92.8246,92.4372,95.5184
726,92.5677,92.0413,95.2038,92.8257,92.4383,95.5156
727,92.5674,92.0425,95.1979,92.8269,92.4395,95.5129
728,92.5671,92.0438,95.1920,92.8280,92.4406,95.5102
729,92.5669,92.0450,95.1861,92.8291,92.4417,95.5075
730,92.5666,92.0462,95.1802,92.8302,92.4428,95.5047
731,92.5663,92.0475,95.1743,92.8314,92.4440,95.5020
732,92.5661,92.0487,95.1684,92.8325,92.4451,95.4997
733,92.5658,92.0500,95.1625,92.8336,92.4462,95.4975
734,92.5655,92.0512,95.1566,92.8347,92.4472,95.4953
735,92.5653,92.0524,95.1507,92.8358,92.4483,95.4931
736,92.5650,92.0537,95.1448,92.8368,92.4494,95.4909
737,92.5647,92.0549,95.1389,92.8379,92.4505,95.4887
738,92.5644,92.0561,95.1330,92.8390,92.4516,95.4865
739,92.5642,92.0574,95.1271,92.8401,92.4527,95.4843
740,92.5639,92.0586,95.1212,92.8412,92.4538,95.4821
741,92.5636,92.0599,95.1153,92.8423,92.4549,95.4799
742,92.5634,92.0611,95.1094,92.8434,92.4559,95.4777
743,92.5631,92.0623,95.1036,92.8445,92.4570,95.4755
744,92.5628,92.0636,95.0977,92.8456,92.4581,95.4733
745,92.5626,92.0648,95.0918,92.8467,92.4592,95.4711
746,92.5623,92.0660,95.0859,92.8478,92.4603,95.4689
747,92.5620,92.0673,95.0800,92.8498,92.4619,95.4667
748,92.5618,92.0685,95.0741,92.8520,92.4636,95.4646
749,92.5615,92.0698,95.0682,92.8541,92.4653,95.4624
750,92.5612,92.0710,95.0623,92.8563,92.4670,95.4602
751,92.5610,92.0722,95.0564,92.8585,92.4687,95.4581
752,92.5607,92.0735,95.0505,92.8606,92.4705,95.4559
753,92.5604,92.0747,95.0446,92.8628,92.4722,95.4538
754,92.5602,92.0759,95.0387,92.8650,92.4739,95.4516
755,92.5599,92.0772,95.0328,92.8671,92.4756,95.4494
756,92.5596,92.0784,95.0269,92.8693,92.4773,95.4473
757,92.5593,92.0796,95.0210,92.8715,92.4790,95.4451
758,92.5591,92.0809,95.0151,92.8736,92.4807,95.4430
759,92.5588,92.0821,95.0092,92.8758,92.4824,95.4408
760,92.5585,92.0834,95.0033,92.8780,92.4841,95.4386
761,92.5583,92.0846,94.9974,92.8801,92.4858,95.4365
762,92.5580,92.0858,94.9915,92.8823,92.4871,95.4342
763,92.5577,92.0871,94.9856,92.8845,92.4881,95.4319
764,92.5575,92.0883,94.9798,92.8866,92.4892,95.4296
765,92.5572,92.0895,94.9739,92.8888,92.4903,95.4272
766,92.5569,92.0908,94.9680,92.8910,92.4914,95.4249
767,92.5567,92.0920,94.9621,92.8931,92.4924,95.4226
768,92.5564,92.0933,94.9562,92.8953,92.4935,95.4203
769,92.5561,92.0945,94.9503,92.8974,92.4946,95.4180
770,92.5559,92.0957,94.9444,92.8996,92.4957,95.4157
771,92.5556,92.0970,94.9385,92.9018,92.4967,95.4134
772,92.5553,92.0982,94.9326,92.9039,92.4978,95.4111
773,92.5550,92.0994,94.9267,92.9061,92.4989,95.4087
774,92.5548,92.1007,94.9208,92.9082,92.5000,95.4064
775,92.5545,92.1019,94.9149,92.9104,92.5010,95.4041
776,92.5542,92.1032,94.9090,92.9126,92.5021,95.4018
777,92.5540,92.1044,94.9031,92.9137,92.5032,95.3993
778,92.5537,92.1056,94.8972,92.9143,92.5043,95.3966
779,92.5534,92.1069,94.8913,92.9149,92.5054,95.3940
780,92.5532,92.1081,94.8854,92.9155,92.5065,95.3913
781,92.5529,92.1093,94.8795,92.9162,92.5075,95.3887
782,92.5526,92.1106,94.8736,92.9168,92.5086,95.3861
783,92.5524,92.1118,94.8677,92.9174,92.5097,95.3834
784,92.5521,92.1130,94.8619,92.9180,92.5108,95.3808
785,92.5518,92.1143,94.8560,92.9187,92.5119,95.3782
786,92.5527,92.1153,94.8522,92.9193,92.5130,95.3755
787,92.5565,92.1159,94.8498,92.9199,92.5141,95.3729
788,92.5604,92.1164,94.8473,92.9205,92.5151,95.3702
789,92.5642,92.1170,94.8449,92.9211,92.5162,95.3676
790,92.5680,92.1175,94.8424,92.9218,92.5173,95.3650
791,92.5719,92.1181,94.8400,92.9224,92.5184,95.3623
792,92.5757,92.1186,94.8375,92.9239,92.5198,95.3600
793,92.5796,92.1191,94.8351,92.9261,92.5213,95.3578
794,92.5834,92.1197,94.8326,92.9283,92.5229,95.3557
795,92.5872,92.1202,94.8301,92.9304,92.5244,95.3535
796,92.5911,92.1208,94.8277,92.9326,92.5260,95.3513
797,92.5949,92.1213,94.8252,92.9347,92.5275,95.3492
798,92.5988,92.1219,94.8228,92.9369,92.5291,95.3470
799,92.6026,92.1224,94.8203,92.9391,92.5306,95.3448
800,92.6065,92.1229,94.8179,92.9412,92.5322,95.3427
801,92.6103,92.1235,94.8154,92.9434,92.5337,95.3405
802,92.6141,92.1240,94.8130,92.9456,92.5353,95.3384
803,92.6180,92.1246,94.8105,92.9477,92.5368,95.3362
804,92.6218,92.1251,94.8080,92.9499,92.5384,95.3340
805,92.6257,92.1257,94.8056,92.9520,92.5399,95.3319
806,92.6295,92.1262,94.8031,92.9542,92.5415,95.3297
807,92.6333,92.1267,94.8007,92.9560,92.5428,95.3278
808,92.6372,92.1273,94.7982,92.9576,92.5439,95.3261
809,92.6410,92.1278,94.7958,92.9591,92.5450,95.3244
810,92.6449,92.1284,94.7933,92.9607,92.5461,95.3227
811,92.6487,92.1289,94.7909,92.9622,92.5471,95.3210
812,92.6525,92.1295,94.7884,92.9638,92.5482,95.3193
813,92.6564,92.1300,94.7859,92.9653,92.5493,95.3176
814,92.6602,92.1306,94.7835,92.9669,92.5504,95.3159
815,92.6641,92.1311,94.7810,92.9684,92.5515,95.3142
816,92.6679,92.1316,94.7786,92.9699,92.5526,95.3125
817,92.6717,92.1322,94.7761,92.9715,92.5537,95.3108
818,92.6756,92.1327,94.7737,92.9730,92.5547,95.3091
819,92.6794,92.1333,94.7712,92.9746,92.5558,95.3074
820,92.6833,92.1338,94.7687,92.9761,92.5569,95.3057
821,92.6871,92.1344,94.7663,92.9777,92.5580,95.3040
822,92.6909,92.1349,94.7638,92.9793,92.5594,95.3021
823,92.6948,92.1354,94.7614,92.9810,92.5610,95.2999
824,92.6986,92.1360,94.7589,92.9827,92.5627,95.2977
825,92.7025,92.1365,94.7565,92.9844,92.5644,95.2955
826,92.7063,92.1371,94.7540,92.9861,92.5661,95.2934
827,92.7101,92.1376,94.7516,92.9878,92.5678,95.2912
828,92.7140,92.1382,94.7491,92.9895,92.5695,95.2890
829,92.7178,92.1387,94.7466,92.9912,92.5712,95.2869
830,92.7217,92.1392,94.7442,92.9930,92.5729,95.2847
831,92.7255,92.1398,94.7417,92.9947,92.5746,95.2825
832,92.7294,92.1403,94.7393,92.9964,92.5763,95.2804
833,92.7332,92.1409,94.7368,92.9981,92.5780,95.2782
834,92.7370,92.1414,94.7344,92.9998,92.5797,95.2760
835,92.7409,92.1420,94.7319,93.0015,92.5814,95.2739
836,92.7447,92.1425,94.7295,93.0032,92.5831,95.2717
837,92.7486,92.1431,94.7270,93.0049,92.5844,95.2695
838,92.7524,92.1436,94.7245,93.0066,92.5849,95.2673
839,92.7562,92.1441,94.7221,93.0084,92.5853,95.2651
840,92.7601,92.1447,94.7196,93.0101,92.5858,95.2630
841,92.7639,92.1452,94.7172,93.0118,92.5863,95.2608
842,92.7678,92.1458,94.7147,93.0135,92.5867,95.2586
843,92.7716,92.1463,94.7123,93.0152,92.5872,95.2564
844,92.7754,92.1469,94.7098,93.0170,92.5877,95.2542
845,92.7793,92.1474,94.7074,93.0187,92.5882,95.2520
846,92.7827,92.1481,94.7056,93.0204,92.5886,95.2498
847,92.7827,92.1497,94.7056,93.0221,92.5891,95.2476
848,92.7827,92.1514,94.7056,93.0238,92.5896,95.2455
849,92.7827,92.1531,94.7056,93.0255,92.5900,95.2433
850,92.7827,92.1547,94.7056,93.0273,92.5905,95.2411
851,92.7827,92.1564,94.7056,93.0290,92.5910,95.2389
852,92.7827,92.1581,94.7056,93.0309,92.5918,95.2369
853,92.7827,92.1597,94.7056,93.0331,92.5930,95.2352
854,92.7827,92.1614,94.7056,93.0352,92.5942,95.2335
855,92.7827,92.1631,94.7056,93.0374,92.5955,95.2318
856,92.7827,92.1647,94.7056,93.0396,92.5967,95.2301
857,92.7827,92.1664,94.7056,93.0417,92.5979,95.2284
858,92.7827,92.1681,94.7056,93.0439,92.5992,95.2267
859,92.7827,92.1697,94.7056,93.0461,92.6004,95.2250
860,92.7827,92.1714,94.7056,93.0482,92.6016,95.2233
861,92.7827,92.1730,94.7056,93.0504,92.6029,95.2216
862,92.7827,92.1747,94.7056,93.0526,92.6041,95.2199
863,92.7827,92.1764,94.7056,93.0547,92.6053,95.2182
864,92.7827,92.1780,94.7056,93.0569,92.6066,95.2165
865,92.7827,92.1797,94.7056,93.0591,92.6078,95.2148
866,92.7827,92.1814,94.7056,93.0612,92.6090,95.2131
867,92.7827,92.1830,94.7056,93.0634,92.6104,95.2112
868,92.7827,92.1847,94.7056,93.0656,92.6119,95.2090
869,92.7827,92.1864,94.7056,93.0677,92.6135,95.2069
870,92.7827,92.1880,94.7056,93.0699,92.6150,95.2047
871,92.7827,92.1897,94.7056,93.0721,92.6166,95.2025
872,92.7827,92.1914,94.7056,93.0742,92.6181,95.2004
873,92.7827,92.1930,94.7056,93.0764,92.6197,95.1982
874,92.7827,92.1947,94.7056,93.0786,92.6212,95.1960
875,92.7827,92.1964,94.7056,93.0807,92.6228,95.1939
876,92.7827,92.1980,94.7056,93.0829,92.6243,95.1917
877,92.7827,92.1997,94.7056,93.0851,92.6259,95.1895
878,92.7827,92.2014,94.7056,93.0872,92.6275,95.1874
879,92.7827,92.2030,94.7056,93.0894,92.6290,95.1852
880,92.7827,92.2047,94.7056,93.0916,92.6306,95.1830
881,92.7827,92.2064,94.7056,93.0938,92.6321,95.1809
882,92.7827,92.2080,94.7056,93.0956,92.6335,95.1790
883,92.7827,92.2097,94.7056,93.0967,92.6346,95.1779
884,92.7827,92.2114,94.7056,93.0978,92.6357,95.1768
885,92.7827,92.2130,94.7056,93.0989,92.6368,95.1757
886,92.7827,92.2147,94.7056,93.1000,92.6379,95.1747
887,92.7827,92.2164,94.7056,93.1010,92.6390,95.1736
888,92.7827,92.2180,94.7056,93.1021,92.6400,95.1725
889,92.7827,92.2197,94.7056,93.1032,92.6411,95.1714
890,92.7827,92.2213,94.7056,93.1043,92.6422,95.1703
891,92.7827,92.2230,94.7056,93.1054,92.6433,95.1693
892,92.7827,92.2247,94.7056,93.1064,92.6444,95.1682
893,92.7827,92.2263,94.7056,93.1075,92.6455,95.1671
894,92.7827,92.2280,94.7056,93.1086,92.6466,95.1660
895,92.7827,92.2297,94.7056,93.1097,92.6477,95.1649
896,92.7827,92.2313,94.7056,93.1108,92.6487,95.1639
897,92.7827,92.2330,94.7056,93.1117,92.6499,95.1626
898,92.7827,92.2347,94.7056,93.1122,92.6516,95.1604
899,92.7827,92.2363,94.7056,93.1127,92.6533,95.1583
900,92.7827,92.2380,94.7056,93.1131,92.6550,95.1561
901,92.7827,92.2397,94.7056,93.1136,92.6567,95.1539
902,92.7827,92.2413,94.7056,93.1140,92.6584,95.1518
903,92.7827,92.2430,94.7056,93.1145,92.6601,95.1496
904,92.7827,92.2447,94.7056,93.1150,92.6618,95.1475
905,92.7827,92.2463,94.7056,93.1154,92.6635,95.1453
906,92.7827,92.2480,94.7054,93.1159,92.6652,95.1431
907,92.7853,92.2502,94.7033,93.1164,92.6669,95.1410
908,92.7880,92.2526,94.7013,93.1168,92.6686,95.1388
909,92.7908,92.2549,94.6992,93.1173,92.6703,95.1367
910,92.7935,92.2572,94.6972,93.1178,92.6720,95.1345
911,92.7963,92.2595,94.6951,93.1182,92.6737,95.1323
912,92.7990,92.2618,94.6930,93.1189,92.6753,95.1303
913,92.8017,92.2642,94.6910,93.1212,92.6764,95.1292
914,92.8045,92.2665,94.6889,93.1235,92.6775,95.1281
915,92.8072,92.2688,94.6869,93.1258,92.6786,95.1270
916,92.8100,92.2711,94.6848,93.1281,92.6797,95.1259
917,92.8127,92.2735,94.6828,93.1305,92.6808,95.1248
918,92.8155,92.2758,94.6807,93.1328,92.6819,95.1237
919,92.8182,92.2781,94.6787,93.1351,92.6829,95.1227
920,92.8210,92.2804,94.6766,93.1374,92.6840,95.1216
921,92.8237,92.2828,94.6746,93.1397,92.6851,95.1205
922,92.8264,92.2851,94.6725,93.1421,92.6862,95.1194
923,92.8292,92.2874,94.6705,93.1444,92.6873,95.1183
924,92.8319,92.2897,94.6684,93.1467,92.6884,95.1172
925,92.8347,92.2920,94.6664,93.1490,92.6895,95.1161
926,92.8374,92.2944,94.6643,93.1513,92.6906,95.1150
927,92.8402,92.2967,94.6623,93.1537,92.6916,95.1140
928,92.8429,92.2990,94.6602,93.1552,92.6921,95.1122
929,92.8457,92.3013,94.6582,93.1568,92.6926,95.1105
930,92.8484,92.3037,94.6561,93.1583,92.6930,95.1088
931,92.8511,92.3060,94.6541,93.1599,92.6935,95.1071
932,92.8539,92.3083,94.6520,93.1615,92.6940,95.1053
933,92.8566,92.3106,94.6500,93.1630,92.6944,95.1036
934,92.8594,92.3130,94.6479,93.1646,92.6949,95.1019
935,92.8621,92.3153,94.6459,93.1662,92.6953,95.1002
936,92.8649,92.3176,94.6438,93.1677,92.6958,95.0984
937,92.8676,92.3199,94.6418,93.1693,92.6963,95.0967
938,92.8704,92.3223,94.6397,93.1708,92.6967,95.0950
939,92.8731,92.3246,94.6377,93.1724,92.6972,95.0933
940,92.8758,92.3269,94.6356,93.1740,92.6977,95.0915
941,92.8786,92.3292,94.6336,93.1755,92.6981,95.0898
942,92.8813,92.3315,94.6315,93.1772,92.6987,95.0881
943,92.8841,92.3339,94.6295,93.1793,92.7004,95.0866
944,92.8868,92.3362,94.6274,93.1815,92.7021,95.0850
945,92.8896,92.3385,94.6254,93.1837,92.7038,95.0835
946,92.8923,92.3408,94.6233,93.1858,92.7055,95.0819
947,92.8951,92.3432,94.6213,93.1880,92.7073,95.0804
948,92.8978,92.3455,94.6192,93.1902,92.7090,95.0789
949,92.9005,92.3478,94.6172,93.1923,92.7107,95.0773
950,92.9033,92.3501,94.6151,93.1945,92.7124,95.0758
951,92.9060,92.3525,94.6131,93.1967,92.7141,95.0742
952,92.9088,92.3548,94.6110,93.1988,92.7158,95.0727
953,92.9115,92.3571,94.6090,93.2010,92.7175,95.0711
954,92.9143,92.3594,94.6069,93.2032,92.7192,95.0696
955,92.9170,92.3617,94.6049,93.2053,92.7209,95.0680
956,92.9198,92.3641,94.6028,93.2075,92.7226,95.0665
957,92.9225,92.3664,94.6008,93.2097,92.7243,95.0650
958,92.9253,92.3687,94.5987,93.2114,92.7254,95.0633
959,92.9280,92.3710,94.5967,93.2131,92.7265,95.0615
960,92.9307,92.3734,94.5946,93.2147,92.7276,95.0598
961,92.9335,92.3757,94.5926,93.2164,92.7286,95.0581
962,92.9362,92.3780,94.5905,93.2181,92.7297,95.0564
963,92.9390,92.3803,94.5885,93.2198,92.7308,95.0547
964,92.9417,92.3827,94.5864,93.2215,92.7319,95.0530
965,92.9445,92.3850,94.5844,93.2232,92.7329,95.0513
966,92.9472,92.3873,94.5823,93.2249,92.7340,95.0496
967,92.9482,92.3886,94.5796,93.2266,92.7351,95.0479
968,92.9480,92.3891,94.5768,93.2283,92.7362,95.0462
969,92.9479,92.3896,94.5739,93.2300,92.7372,95.0445
970,92.9477,92.3902,94.5710,93.2317,92.7383,95.0428
971,92.9476,92.3907,94.5681,93.2334,92.7394,95.0411
972,92.9474,92.3913,94.5653,93.2351,92.7405,95.0394
973,92.9473,92.3918,94.5624,93.2367,92.7421,95.0383
974,92.9471,92.3924,94.5595,93.2382,92.7438,95.0372
975,92.9470,92.3929,94.5567,93.2398,92.7455,95.0361
976,92.9468,92.3934,94.5538,93.2413,92.7473,95.0350
977,92.9467,92.3940,94.5509,93.2429,92.7490,95.0339
978,92.9465,92.3945,94.5481,93.2444,92.7507,95.0329
979,92.9463,92.3951,94.5452,93.2460,92.7524,95.0318
980,92.9462,92.3956,94.5423,93.2475,92.7541,95.0307
981,92.9460,92.3962,94.5394,93.2491,92.7558,95.0296
982,92.9459,92.3967,94.5366,93.2506,92.7575,95.0285
983,92.9457,92.3972,94.5337,93.2522,92.7592,95.0275
984,92.9456,92.3978,94.5308,93.2537,92.7609,95.0264
985,92.9454,92.3983,94.5280,93.2553,92.7626,95.0253
986,92.9453,92.3989,94.5251,93.2568,92.7643,95.0242
987,92.9451,92.3994,94.5222,93.2584,92.7661,95.0231
988,92.9450,92.4000,94.5194,93.2592,92.7672,95.0215
989,92.9448,92.4005,94.5165,93.2598,92.7683,95.0198
990,92.9447,92.4010,94.5136,93.2604,92.7694,95.0181
991,92.9445,92.4016,94.5108,93.2610,92.7705,95.0164
992,92.9444,92.4021,94.5079,93.2616,92.7715,95.0147
993,92.9442,92.4027,94.5050,93.2623,92.7726,95.0130
994,92.9440,92.4032,94.5021,93.2629,92.7737,95.0113
995,92.9439,92.4038,94.4993,93.2635,92.7748,95.0096
996,92.9437,92.4043,94.4964,93.2641,92.7758,95.0079
997,92.9436,92.4048,94.4935,93.2647,92.7769,95.0062
998,92.9434,92.4054,94.4907,93.2653,92.7780,95.0045
999,92.9433,92.4059,94.4878,93.2660,92.7791,95.0028
1000,92.9431,92.4065,94.4849,93.2666,92.7801,95.0011
1001,92.9430,92.4070,94.4821,93.2672,92.7812,94.9994
1002,92.9428,92.4076,94.4792,93.2678,92.7823,94.9977
1003,92.9427,92.4081,94.4763,93.2692,92.7829,94.9964
1004,92.9425,92.4086,94.4734,93.2709,92.7834,94.9954
1005,92.9424,92.4092,94.4706,93.2726,92.7838,94.9943
1006,92.9422,92.4097,94.4677,93.2743,92.7843,94.9932
1007,92.9420,92.4103,94.4648,93.2761,92.7848,94.9921
1008,92.9419,92.4108,94.4620,93.2778,92.7853,94.9910
1009,92.9417,92.4114,94.4591,93.2795,92.7857,94.9899
1010,92.9416,92.4119,94.4562,93.2812,92.7862,94.9888
1011,92.9414,92.4124,94.4534,93.2829,92.7867,94.9878
1012,92.9413,92.4130,94.4505,93.2846,92.7871,94.9867
1013,92.9411,92.4135,94.4476,93.2863,92.7876,94.9856
1014,92.9410,92.4141,94.4448,93.2880,92.7881,94.9845
1015,92.9408,92.4146,94.4419,93.2897,92.7885,94.9834
1016,92.9407,92.4152,94.4390,93.2914,92.7890,94.9823
1017,92.9405,92.4157,94.4361,93.2931,92.7895,94.9812
1018,92.9404,92.4162,94.4333,93.2947,92.7908,94.9801
1019,92.9402,92.4168,94.4304,93.2963,92.7925,94.9791
1020,92.9400,92.4173,94.4275,93.2978,92.7942,94.9780
1021,92.9399,92.4179,94.4247,93.2994,92.7959,94.9769
1022,92.9397,92.4184,94.4218,93.3010,92.7977,94.9758
1023,92.9396,92.4190,94.4189,93.3025,92.7994,94.9747
1024,92.9394,92.4195,94.4161,93.3041,92.8011,94.9736
1025,92.9393,92.4200,94.4132,93.3057,92.8028,94.9725
1026,92.9391,92.4206,94.4103,93.3073,92.8045,94.9714
1027,92.9395,92.4215,94.4073,93.3088,92.8062,94.9704
1028,92.9404,92.4231,94.4041,93.3104,92.8080,94.9693
1029,92.9414,92.4246,94.4009,93.3120,92.8097,94.9682
1030,92.9424,92.4261,94.3978,93.3135,92.8114,94.9671
1031,92.9433,92.4276,94.3946,93.3151,92.8131,94.9660
1032,92.9443,92.4291,94.3915,93.3167,92.8148,94.9649
1033,92.9453,92.4306,94.3883,93.3187,92.8161,94.9638
1034,92.9462,92.4321,94.3851,93.3209,92.8172,94.9627
1035,92.9472,92.4336,94.3820,93.3230,92.8182,94.9617
1036,92.9482,92.4351,94.3788,93.3252,92.8193,94.9606
1037,92.9491,92.4367,94.3757,93.3274,92.8204,94.9595
1038,92.9501,92.4382,94.3725,93.3295,92.8215,94.9584
1039,92.9511,92.4397,94.3693,93.3317,92.8226,94.9573
1040,92.9520,92.4412,94.3662,93.3339,92.8237,94.9562
1041,92.9530,92.4427,94.3630,93.3360,92.8248,94.9551
1042,92.9540,92.4442,94.3598,93.3382,92.8258,94.9541
1043,92.9550,92.4457,94.3567,93.3404,92.8269,94.9530
1044,92.9559,92.4472,94.3535,93.3425,92.8280,94.9519
1045,92.9569,92.4487,94.3504,93.3447,92.8291,94.9508
1046,92.9579,92.4502,94.3472,93.3469,92.8302,94.9497
1047,92.9588,92.4518,94.3440,93.3490,92.8313,94.9486
1048,92.9598,92.4533,94.3409,93.3512,92.8324,94.9475
1049,92.9608,92.4548,94.3377,93.3534,92.8334,94.9465
1050,92.9617,92.4563,94.3346,93.3555,92.8345,94.9454
1051,92.9627,92.4578,94.3314,93.3577,92.8356,94.9443
1052,92.9637,92.4593,94.3282,93.3598,92.8367,94.9432
1053,92.9646,92.4608,94.3251,93.3620,92.8378,94.9421
1054,92.9656,92.4623,94.3219,93.3642,92.8388,94.9411
1055,92.9666,92.4638,94.3187,93.3663,92.8399,94.9400
1056,92.9675,92.4653,94.3156,93.3685,92.8410,94.9389
1057,92.9685,92.4669,94.3124,93.3707,92.8421,94.9378
1058,92.9695,92.4684,94.3093,93.3728,92.8432,94.9367
1059,92.9704,92.4699,94.3061,93.3750,92.8443,94.9356
1060,92.9714,92.4714,94.3029,93.3771,92.8453,94.9346
1061,92.9724,92.4729,94.2998,93.3793,92.8464,94.9335
1062,92.9734,92.4744,94.2966,93.3815,92.8475,94.9324
1063,92.9743,92.4759,94.2935,93.3830,92.8489,94.9310
1064,92.9753,92.4774,94.2903,93.3841,92.8506,94.9295
1065,92.9763,92.4789,94.2871,93.3852,92.8524,94.9279
1066,92.9772,92.4804,94.2840,93.3862,92.8541,94.9264
1067,92.9782,92.4820,94.2808,93.3873,92.8558,94.9248
1068,92.9792,92.4835,94.2776,93.3884,92.8575,94.9233
1069,92.9801,92.4850,94.2745,93.3895,92.8592,94.9217
1070,92.9811,92.4865,94.2713,93.3906,92.8609,94.9202
1071,92.9821,92.4880,94.2682,93.3917,92.8626,94.9186
1072,92.9830,92.4895,94.2650,93.3928,92.8643,94.9171
1073,92.9840,92.4910,94.2618,93.3939,92.8660,94.9155
1074,92.9850,92.4925,94.2587,93.3949,92.8677,94.9140
1075,92.9859,92.4940,94.2555,93.3960,92.8694,94.9125
1076,92.9869,92.4955,94.2524,93.3971,92.8711,94.9109
1077,92.9879,92.4971,94.2492,93.3982,92.8728,94.9094
1078,92.9888,92.4986,94.2460,93.3990,92.8739,94.9080
1079,92.9898,92.5001,94.2429,93.3997,92.8743,94.9070
1080,92.9908,92.5016,94.2397,93.4003,92.8748,94.9059
1081,92.9917,92.5031,94.2365,93.4009,92.8753,94.9048
1082,92.9927,92.5046,94.2334,93.4015,92.8757,94.9037
1083,92.9937,92.5061,94.2302,93.4021,92.8762,94.9027
1084,92.9947,92.5076,94.2271,93.4028,92.8767,94.9016
1085,92.9956,92.5091,94.2239,93.4034,92.8771,94.9005
1086,92.9966,92.5107,94.2207,93.4040,92.8776,94.8994
1087,92.9979,92.5119,94.2182,93.4046,92.8780,94.8984
1088,93.0005,92.5122,94.2164,93.4052,92.8785,94.8973
1089,93.0030,92.5125,94.2147,93.4058,92.8790,94.8962
1090,93.0056,92.5128,94.2129,93.4065,92.8794,94.8951
1091,93.0082,92.5130,94.2112,93.4071,92.8799,94.8941
1092,93.0108,92.5133,94.2094,93.4077,92.8804,94.8930
1093,93.0134,92.5136,94.2077,93.4089,92.8815,94.8921
1094,93.0160,92.5138,94.2059,93.4111,92.8837,94.8915
1095,93.0186,92.5141,94.2041,93.4133,92.8859,94.8909
1096,93.0212,92.5144,94.2024,93.4154,92.8880,94.8902
1097,93.0238,92.5146,94.2006,93.4176,92.8902,94.8896
1098,93.0264,92.5149,94.1989,93.4198,92.8923,94.8890
1099,93.0290,92.5152,94.1971,93.4220,92.8945,94.8884
1100,93.0316,92.5155,94.1953,93.4241,92.8967,94.8877
1101,93.0342,92.5157,94.1936,93.4263,92.8988,94.8871
1102,93.0368,92.5160,94.1918,93.4285,92.9010,94.8865
1103,93.0394,92.5163,94.1901,93.4306,92.9032,94.8859
1104,93.0420,92.5165,94.1883,93.4328,92.9053,94.8852
1105,93.0446,92.5168,94.1865,93.4350,92.9075,94.8846
1106,93.0472,92.5171,94.1848,93.4371,92.9096,94.8840
1107,93.0498,92.5174,94.1830,93.4393,92.9118,94.8834
1108,93.0524,92.5176,94.1813,93.4415,92.9136,94.8824
1109,93.0549,92.5179,94.1795,93.4436,92.9147,94.8807
1110,93.0575,92.5182,94.1777,93.4458,92.9158,94.8790
1111,93.0601,92.5184,94.1760,93.4479,92.9169,94.8773
1112,93.0627,92.5187,94.1742,93.4501,92.9180,94.8756
1113,93.0653,92.5190,94.1725,93.4523,92.9190,94.8739
1114,93.0679,92.5193,94.1707,93.4544,92.9201,94.8722
1115,93.0705,92.5195,94.1689,93.4566,92.9212,94.8705
1116,93.0731,92.5198,94.1672,93.4588,92.9223,94.8688
1117,93.0757,92.5201,94.1654,93.4609,92.9234,94.8671
1118,93.0783,92.5203,94.1637,93.4631,92.9245,94.8654
1119,93.0809,92.5206,94.1619,93.4652,92.9256,94.8637
1120,93.0835,92.5209,94.1601,93.4674,92.9266,94.8620
1121,93.0861,92.5212,94.1584,93.4696,92.9277,94.8603
1122,93.0887,92.5214,94.1566,93.4717,92.9288,94.8586
1123,93.0913,92.5217,94.1549,93.4736,92.9298,94.8571
1124,93.0939,92.5220,94.1531,93.4747,92.9304,94.8567
1125,93.0965,92.5222,94.1513,93.4758,92.9310,94.8562
1126,93.0991,92.5225,94.1496,93.4769,92.9317,94.8557
1127,93.1017,92.5228,94.1478,93.4780,92.9323,94.8553
1128,93.1042,92.5231,94.1461,93.4791,92.9329,94.8548
1129,93.1068,92.5233,94.1443,93.4802,92.9335,94.8543
1130,93.1094,92.5236,94.1425,93.4813,92.9342,94.8539
1131,93.1120,92.5239,94.1408,93.4824,92.9348,94.8534
1132,93.1146,92.5241,94.1390,93.4835,92.9354,94.8529
1133,93.1172,92.5244,94.1373,93.4846,92.9360,94.8525
1134,93.1198,92.5247,94.1355,93.4857,92.9367,94.8520
1135,93.1224,92.5250,94.1337,93.4868,92.9373,94.8515
1136,93.1250,92.5252,94.1320,93.4879,92.9379,94.8510
1137,93.1276,92.5255,94.1302,93.4890,92.9385,94.8506
1138,93.1302,92.5258,94.1285,93.4905,92.9393,94.8501
1139,93.1328,92.5260,94.1267,93.4926,92.9404,94.8494
1140,93.1354,92.5263,94.1249,93.4948,92.9415,94.8488
1141,93.1380,92.5266,94.1232,93.4970,92.9426,94.8482
1142,93.1406,92.5269,94.1214,93.4991,92.9436,94.8476
1143,93.1432,92.5271,94.1197,93.5013,92.9447,94.8470
1144,93.1458,92.5274,94.1179,93.5035,92.9458,94.8464
1145,93.1484,92.5277,94.1161,93.5056,92.9469,94.8457
1146,93.1510,92.5279,94.1144,93.5078,92.9480,94.8451
1147,93.1536,92.5282,94.1130,93.5100,92.9490,94.8445
1148,93.1535,92.5303,94.1145,93.5121,92.9501,94.8439
1149,93.1532,92.5324,94.1159,93.5143,92.9512,94.8433
1150,93.1529,92.5346,94.1174,93.5165,92.9523,94.8427
1151,93.1527,92.5368,94.1189,93.5186,92.9534,94.8420
1152,93.1524,92.5389,94.1204,93.5208,92.9544,94.8414
1153,93.1521,92.5411,94.1219,93.5226,92.9555,94.8407
1154,93.1518,92.5433,94.1234,93.5232,92.9566,94.8396
1155,93.1516,92.5455,94.1249,93.5238,92.9577,94.8385
1156,93.1513,92.5476,94.1264,93.5244,92.9588,94.8374
1157,93.1510,92.5498,94.1279,93.5251,92.9599,94.8363
1158,93.1508,92.5520,94.1294,93.5257,92.9610,94.8353
1159,93.1505,92.5541,94.1309,93.5263,92.9620,94.8342
1160,93.1502,92.5563,94.1324,93.5269,92.9631,94.8331
1161,93.1499,92.5585,94.1339,93.5275,92.9642,94.8320
1162,93.1497,92.5607,94.1354,93.5281,92.9653,94.8309
1163,93.1494,92.5628,94.1369,93.5288,92.9664,94.8298
1164,93.1491,92.5650,94.1384,93.5294,92.9675,94.8287
1165,93.1488,92.5672,94.1398,93.5300,92.9686,94.8276
1166,93.1486,92.5694,94.1413,93.5306,92.9696,94.8266
1167,93.1483,92.5715,94.1428,93.5312,92.9707,94.8255
1168,93.1480,92.5737,94.1443,93.5319,92.9718,94.8244
1169,93.1478,92.5759,94.1458,93.5330,92.9729,94.8233
1170,93.1475,92.5780,94.1473,93.5341,92.9740,94.8222
1171,93.1472,92.5802,94.1488,93.5352,92.9751,94.8211
1172,93.1469,92.5824,94.1503,93.5362,92.9761,94.8201
1173,93.1467,92.5846,94.1518,93.5373,92.9772,94.8190
1174,93.1464,92.5867,94.1533,93.5384,92.9783,94.8179
1175,93.1461,92.5889,94.1548,93.5395,92.9794,94.8168
1176,93.1459,92.5911,94.1563,93.5406,92.9805,94.8157
1177,93.1456,92.5933,94.1578,93.5416,92.9815,94.8147
1178,93.1453,92.5954,94.1593,93.5427,92.9826,94.8136
1179,93.1450,92.5976,94.1608,93.5438,92.9837,94.8125
1180,93.1448,92.5998,94.1622,93.5449,92.9848,94.8114
1181,93.1445,92.6019,94.1637,93.5460,92.9859,94.8103
1182,93.1442,92.6041,94.1652,93.5471,92.9869,94.8093
1183,93.1439,92.6063,94.1667,93.5482,92.9880,94.8082
1184,93.1437,92.6085,94.1682,93.5504,92.9891,94.8078
1185,93.1434,92.6106,94.1697,93.5525,92.9902,94.8073
1186,93.1431,92.6128,94.1712,93.5547,92.9913,94.8068
1187,93.1429,92.6150,94.1727,93.5569,92.9924,94.8064
1188,93.1426,92.6171,94.1742,93.5590,92.9935,94.8059
1189,93.1423,92.6193,94.1757,93.5612,92.9945,94.8054
1190,93.1420,92.6215,94.1772,93.5633,92.9956,94.8050
1191,93.1418,92.6237,94.1787,93.5655,92.9967,94.8045
1192,93.1415,92.6258,94.1802,93.5677,92.9978,94.8040
1193,93.1412,92.6280,94.1817,93.5698,92.9989,94.8036
1194,93.1409,92.6302,94.1832,93.5720,93.0000,94.8031
1195,93.1407,92.6324,94.1846,93.5742,93.0011,94.8027
1196,93.1404,92.6345,94.1861,93.5763,93.0022,94.8022
1197,93.1401,92.6367,94.1876,93.5785,93.0032,94.8017
1198,93.1399,92.6389,94.1891,93.5806,93.0043,94.8013
1199,93.1396,92.6410,94.1906,93.5813,93.0054,94.8002
1200,93.1393,92.6432,94.1921,93.5819,93.0065,94.7991
1201,93.1390,92.6454,94.1936,93.5825,93.0076,94.7980
1202,93.1388,92.6476,94.1951,93.5831,93.0086,94.7969
1203,93.1385,92.6497,94.1966,93.5838,93.0097,94.7958
1204,93.1382,92.6519,94.1981,93.5844,93.0108,94.7947
1205,93.1379,92.6541,94.1996,93.5850,93.0119,94.7937
1206,93.1377,92.6563,94.2011,93.5856,93.0129,94.7926
1207,93.1374,92.6584,94.2026,93.5863,93.0140,94.7915
1208,93.1386,92.6605,94.2024,93.5869,93.0151,94.7904
1209,93.1402,92.6626,94.2021,93.5875,93.0162,94.7893
1210,93.1418,92.6646,94.2019,93.5881,93.0172,94.7882
1211,93.1434,92.6667,94.2016,93.5887,93.0183,94.7871
1212,93.1451,92.6687,94.2013,93.5894,93.0194,94.7861
1213,93.1467,92.6708,94.2010,93.5900,93.0205,94.7850
1214,93.1483,92.6728,94.2008,93.5920,93.0216,94.7839
1215,93.1499,92.6749,94.2005,93.5942,93.0226,94.7828
1216,93.1516,92.6769,94.2002,93.5964,93.0237,94.7817
1217,93.1532,92.6790,94.2000,93.5986,93.0248,94.7806
1218,93.1548,92.6810,94.1997,93.6008,93.0259,94.7795
1219,93.1564,92.6831,94.1994,93.6030,93.0270,94.7784
1220,93.1581,92.6851,94.1991,93.6052,93.0281,94.7773
1221,93.1597,92.6872,94.1989,93.6073,93.0292,94.7762
1222,93.1613,92.6892,94.1986,93.6095,93.0303,94.7751
1223,93.1629,92.6912,94.1983,93.6117,93.0314,94.7740
1224,93.1645,92.6933,94.1981,93.6139,93.0325,94.7729
1225,93.1662,92.6953,94.1978,93.6161,93.0336,94.7718
1226,93.1678,92.6974,94.1975,93.6183,93.0347,94.7708
1227,93.1694,92.6994,94.1972,93.6205,93.0358,94.7697
1228,93.1710,92.7015,94.1970,93.6226,93.0369,94.7686
1229,93.1727,92.7035,94.1967,93.6248,93.0386,94.7679
1230,93.1743,92.7056,94.1964,93.6270,93.0403,94.7673
1231,93.1759,92.7076,94.1962,93.6292,93.0420,94.7667
1232,93.1775,92.7097,94.1959,93.6313,93.0438,94.7661
1233,93.1792,92.7117,94.1956,93.6335,93.0455,94.7655
1234,93.1808,92.7138,94.1953,93.6357,93.0472,94.7649
1235,93.1824,92.7158,94.1951,93.6379,93.0489,94.7642
1236,93.1840,92.7179,94.1948,93.6400,93.0506,94.7636
1237,93.1857,92.7199,94.1945,93.6422,93.0523,94.7630
1238,93.1873,92.7220,94.1942,93.6444,93.0540,94.7624
1239,93.1889,92.7240,94.1940,93.6466,93.0557,94.7618
1240,93.1905,92.7261,94.1937,93.6487,93.0574,94.7612
1241,93.1921,92.7281,94.1934,93.6509,93.0591,94.7605
1242,93.1938,92.7302,94.1932,93.6531,93.0608,94.7599
1243,93.1954,92.7322,94.1929,93.6553,93.0625,94.7593
1244,93.1970,92.7343,94.1926,93.6559,93.0636,94.7588
1245,93.1986,92.7363,94.1923,93.6563,93.0647,94.7584
1246,93.2003,92.7384,94.1921,93.6568,93.0658,94.7579
1247,93.2019,92.7404,94.1918,93.6572,93.0669,94.7574
1248,93.2035,92.7425,94.1915,93.6577,93.0680,94.7569
1249,93.2051,92.7445,94.1913,93.6582,93.0690,94.7565
1250,93.2068,92.7466,94.1910,93.6586,93.0701,94.7560
1251,93.2084,92.7486,94.1907,93.6591,93.0712,94.7555
1252,93.2100,92.7507,94.1904,93.6595,93.0723,94.7551
1253,93.2116,92.7527,94.1902,93.6600,93.0734,94.7546
1254,93.2133,92.7548,94.1899,93.6604,93.0744,94.7541
1255,93.2149,92.7568,94.1896,93.6609,93.0755,94.7537
1256,93.2165,92.7589,94.1894,93.6614,93.0766,94.7532
1257,93.2181,92.7609,94.1891,93.6618,93.0777,94.7527
1258,93.2197,92.7630,94.1888,93.6623,93.0788,94.7522
1259,93.2214,92.7650,94.1885,93.6638,93.0798,94.7517
1260,93.2230,92.7671,94.1883,93.6655,93.0809,94.7510
1261,93.2246,92.7691,94.1880,93.6672,93.0820,94.7504
1262,93.2262,92.7712,94.1877,93.6689,93.0831,94.7498
1263,93.2279,92.7732,94.1875,93.6706,93.0842,94.7492
1264,93.2295,92.7753,94.1872,93.6723,93.0853,94.7486
1265,93.2311,92.7773,94.1869,93.6740,93.0864,94.7480
1266,93.2327,92.7794,94.1866,93.6757,93.0875,94.7473
1267,93.2344,92.7814,94.1864,93.6774,93.0885,94.7467
1268,93.2365,92.7828,94.1837,93.6791,93.0896,94.7461
1269,93.2393,92.7830,94.1804,93.6808,93.0907,94.7455
1270,93.2420,92.7833,94.1771,93.6825,93.0918,94.7449
1271,93.2448,92.7836,94.1738,93.6842,93.0929,94.7443
1272,93.2476,92.7839,94.1705,93.6859,93.0940,94.7436
1273,93.2504,92.7841,94.1672,93.6876,93.0951,94.7430
1274,93.2532,92.7844,94.1639,93.6893,93.0957,94.7424
1275,93.2560,92.7847,94.1606,93.6910,93.0961,94.7418
1276,93.2587,92.7850,94.1573,93.6927,93.0966,94.7412
1277,93.2615,92.7852,94.1540,93.6944,93.0971,94.7406
1278,93.2643,92.7855,94.1507,93.6961,93.0975,94.7399
1279,93.2671,92.7858,94.1474,93.6978,93.0980,94.7393
1280,93.2699,92.7860,94.1441,93.6995,93.0984,94.7387
1281,93.2727,92.7863,94.1408,93.7012,93.0989,94.7381
1282,93.2754,92.7866,94.1374,93.7029,93.0993,94.7375
1283,93.2782,92.7869,94.1341,93.7046,93.0998,94.7369
1284,93.2810,92.7871,94.1308,93.7063,93.1003,94.7362
1285,93.2838,92.7874,94.1275,93.7081,93.1007,94.7356
1286,93.2866,92.7877,94.1242,93.7098,93.1012,94.7350
1287,93.2894,92.7880,94.1209,93.7115,93.1016,94.7344
1288,93.2921,92.7882,94.1176,93.7132,93.1021,94.7338
1289,93.2949,92.7885,94.1143,93.7145,93.1034,94.7329
1290,93.2977,92.7888,94.1110,93.7155,93.1051,94.7318
1291,93.3005,92.7891,94.1077,93.7166,93.1068,94.7307
1292,93.3033,92.7893,94.1044,93.7177,93.1085,94.7296
1293,93.3061,92.7896,94.1011,93.7188,93.1102,94.7285
1294,93.3088,92.7899,94.0978,93.7199,93.1119,94.7275
1295,93.3116,92.7902,94.0945,93.7209,93.1136,94.7264
1296,93.3144,92.7904,94.0911,93.7220,93.1153,94.7253
1297,93.3172,92.7907,94.0878,93.7231,93.1170,94.7242
1298,93.3200,92.7910,94.0845,93.7242,93.1187,94.7231
1299,93.3228,92.7913,94.0812,93.7253,93.1204,94.7220
1300,93.3255,92.7915,94.0779,93.7263,93.1221,94.7210
1301,93.3283,92.7918,94.0746,93.7274,93.1238,94.7199
1302,93.3311,92.7921,94.0713,93.7285,93.1255,94.7188
1303,93.3339,92.7924,94.0680,93.7296,93.1272,94.7177
1304,93.3367,92.7926,94.0647,93.7309,93.1286,94.7170
1305,93.3395,92.7929,94.0614,93.7325,93.1296,94.7165
1306,93.3423,92.7932,94.0581,93.7340,93.1307,94.7161
1307,93.3450,92.7935,94.0548,93.7356,93.1318,94.7156
1308,93.3478,92.7937,94.0515,93.7371,93.1329,94.7151
1309,93.3506,92.7940,94.0482,93.7387,93.1340,94.7146
1310,93.3534,92.7943,94.0448,93.7402,93.1350,94.7142
1311,93.3562,92.7946,94.0415,93.7417,93.1361,94.7137
1312,93.3590,92.7948,94.0382,93.7433,93.1372,94.7132
1313,93.3617,92.7951,94.0349,93.7448,93.1383,94.7128
1314,93.3645,92.7954,94.0316,93.7464,93.1394,94.7123
1315,93.3673,92.7957,94.0283,93.7479,93.1404,94.7118
1316,93.3701,92.7959,94.0250,93.7495,93.1415,94.7113
1317,93.3729,92.7962,94.0217,93.7510,93.1426,94.7109
1318,93.3757,92.7965,94.0184,93.7526,93.1437,94.7104
1319,93.3784,92.7968,94.0151,93.7539,93.1446,94.7099
1320,93.3812,92.7970,94.0118,93.7550,93.1452,94.7093
1321,93.3840,92.7973,94.0085,93.7561,93.1458,94.7086
1322,93.3868,92.7976,94.0052,93.7572,93.1464,94.7080
1323,93.3896,92.7979,94.0019,93.7583,93.1471,94.7074
1324,93.3924,92.7981,93.9986,93.7594,93.1477,94.7068
1325,93.3951,92.7984,93.9952,93.7605,93.1483,94.7062
1326,93.3979,92.7987,93.9919,93.7616,93.1490,94.7055
1327,93.4007,92.7990,93.9892,93.7627,93.1496,94.7049
1328,93.4015,92.7997,93.9900,93.7638,93.1502,94.7043
1329,93.4021,92.8005,93.9908,93.7649,93.1509,94.7037
1330,93.4026,92.8013,93.9917,93.7660,93.1515,94.7031
1331,93.4031,92.8021,93.9925,93.7671,93.1521,94.7025
1332,93.4037,92.8030,93.9933,93.7682,93.1527,94.7018
1333,93.4042,92.8038,93.9941,93.7693,93.1534,94.7012
1334,93.4048,92.8046,93.9949,93.7710,93.1543,94.7007
1335,93.4053,92.8054,93.9957,93.7732,93.1553,94.7002
1336,93.4059,92.8062,93.9965,93.7753,93.1564,94.6997
1337,93.4064,92.8070,93.9974,93.7775,93.1575,94.6993
1338,93.4069,92.8078,93.9982,93.7797,93.1586,94.6988
1339,93.4075,92.8086,93.9990,93.7818,93.1597,94.6983
1340,93.4080,92.8095,93.9998,93.7840,93.1608,94.6979
1341,93.4086,92.8103,94.0006,93.7862,93.1618,94.6974
1342,93.4091,92.8111,94.0014,93.7883,93.1629,94.6969
1343,93.4097,92.8119,94.0022,93.7905,93.1640,94.6965
1344,93.4102,92.8127,94.0031,93.7927,93.1651,94.6960
1345,93.4107,92.8135,94.0039,93.7948,93.1662,94.6955
1346,93.4113,92.8143,94.0047,93.7970,93.1672,94.6950
1347,93.4118,92.8152,94.0055,93.7992,93.1683,94.6946
1348,93.4124,92.8160,94.0063,93.8013,93.1694,94.6941
1349,93.4129,92.8168,94.0071,93.8028,93.1702,94.6936
1350,93.4135,92.8176,94.0079,93.8034,93.1706,94.6930
1351,93.4140,92.8184,94.0087,93.8040,93.1711,94.6923
1352,93.4145,92.8192,94.0096,93.8046,93.1716,94.6917
1353,93.4151,92.8200,94.0104,93.8052,93.1720,94.6911
1354,93.4156,92.8208,94.0112,93.8058,93.1725,94.6905
1355,93.4162,92.8217,94.0120,93.8065,93.1730,94.6899
1356,93.4167,92.8225,94.0128,93.8071,93.1734,94.6893
1357,93.4173,92.8233,94.0136,93.8077,93.1739,94.6887
1358,93.4178,92.8241,94.0144,93.8083,93.1744,94.6881
1359,93.4183,92.8249,94.0153,93.8089,93.1748,94.6875
1360,93.4189,92.8257,94.0161,93.8095,93.1753,94.6868
1361,93.4194,92.8265,94.0169,93.8102,93.1757,94.6862
1362,93.4200,92.8274,94.0177,93.8108,93.1762,94.6856
1363,93.4205,92.8282,94.0185,93.8114,93.1767,94.6850
1364,93.4211,92.8290,94.0193,93.8126,93.1776,94.6847
1365,93.4216,92.8298,94.0201,93.8148,93.1793,94.6847
1366,93.4221,92.8306,94.0209,93.8170,93.1810,94.6847
1367,93.4227,92.8314,94.0218,93.8191,93.1827,94.6847
1368,93.4232,92.8322,94.0226,93.8213,93.1845,94.6847
1369,93.4238,92.8330,94.0234,93.8235,93.1862,94.6847
1370,93.4243,92.8339,94.0242,93.8256,93.1879,94.6847
1371,93.4249,92.8347,94.0250,93.8278,93.1896,94.6847
1372,93.4254,92.8355,94.0258,93.8300,93.1913,94.6847
1373,93.4259,92.8363,94.0266,93.8321,93.1930,94.6847
1374,93.4265,92.8371,94.0275,93.8343,93.1947,94.6847
1375,93.4270,92.8379,94.0283,93.8365,93.1964,94.6847
1376,93.4276,92.8387,94.0291,93.8386,93.1981,94.6847
1377,93.4281,92.8395,94.0299,93.8408,93.1998,94.6847
1378,93.4287,92.8404,94.0307,93.8430,93.2015,94.6847
1379,93.4292,92.8412,94.0315,93.8448,93.2030,94.6843
1380,93.4297,92.8420,94.0323,93.8459,93.2041,94.6832
1381,93.4303,92.8428,94.0332,93.8469,93.2052,94.6821
1382,93.4308,92.8436,94.0340,93.8480,93.2062,94.6810
1383,93.4314,92.8444,94.0348,93.8491,93.2073,94.6799
1384,93.4319,92.8452,94.0356,93.8502,93.2084,94.6788
1385,93.4324,92.8461,94.0364,93.8512,93.2095,94.6777
1386,93.4330,92.8469,94.0372,93.8523,93.2106,94.6767
1387,93.4335,92.8477,94.0380,93.8534,93.2116,94.6756
1388,93.4337,92.8477,94.0360,93.8545,93.2127,94.6745
1389,93.4337,92.8474,94.0333,93.8555,93.2138,94.6734
1390,93.4337,92.8470,94.0305,93.8566,93.2149,94.6723
1391,93.4337,92.8466,94.0278,93.8577,93.2160,94.6712
1392,93.4337,92.8462,94.0251,93.8588,93.2170,94.6701
1393,93.4337,92.8458,94.0223,93.8598,93.2181,94.6690
1394,93.4337,92.8454,94.0196,93.8609,93.2193,94.6681
1395,93.4337,92.8450,94.0169,93.8620,93.2209,94.6676
1396,93.4337,92.8446,94.0141,93.8631,93.2224,94.6671
1397,93.4337,92.8443,94.0114,93.8642,93.2240,94.6667
1398,93.4337,92.8439,94.0086,93.8653,93.2255,94.6662
1399,93.4337,92.8435,94.0059,93.8663,93.2271,94.6657
1400,93.4337,92.8431,94.0032,93.8674,93.2287,94.6653
