# Cho et al. Cryogenics 46 (2006) 778-793, Fig. 10
# LOX T vs time, P=1 bar. Experiment only.
# Series assigned from the figure's own arrows (not the swapped prose):
#   black squares  r=1.34 min^-1 -> T_He=114 K (most cooling, ~83.5 K at 600 s)
#   red circles    r=0.50 min^-1 -> T_He=140 K (~85.7 K at 600 s)
#   blue triangles r=1.05 min^-1 -> T_He=288 K (least cooling, ~87.2 K at 600 s)
# Matches Baldwin 2023 Table 2 cases 6/7/8 (dT_exp 4.0 / 4.6 / 6.8 K).
# The prose sentence that puts 288 K at r=1.34 is a typesetting swap; the arrows win.
# 1 Hz linear interpolation of extracted vertices (no cubic overshoot).
time_s,T114K_r1.34_measured,T140K_r0.5_measured,T288K_r1.05_measured
0,90.1491,90.1491,91.1258
1,90.1491,90.1483,91.1234
2,90.1491,90.1463,91.1185
3,90.1491,90.1443,91.1136
4,90.1491,90.1423,91.1087
5,90.1491,90.1403,91.1038
6,90.1491,90.1383,91.0989
7,90.1491,90.1362,91.0940
8,90.1491,90.1342,91.0891
9,90.1491,90.1322,91.0842
10,90.1491,90.1302,91.0793
11,90.1491,90.1282,91.0744
12,90.1491,90.1262,91.0696
13,90.1491,90.1242,91.0647
14,90.1491,90.1222,91.0598
15,90.1491,90.1202,91.0549
16,90.1491,90.1181,91.0500
17,90.1491,90.1161,91.0451
18,90.1491,90.1141,91.0402
19,90.1491,90.1121,91.0353
20,90.1491,90.1101,91.0304
21,90.1491,90.1081,91.0255
22,90.1491,90.1061,91.0206
23,90.1491,90.1041,91.0157
24,90.1491,90.1021,91.0108
25,90.1491,90.1000,91.0060
26,90.1491,90.0980,91.0011
27,90.1491,90.0960,90.9962
28,90.1491,90.0940,90.9913
29,90.1491,90.0920,90.9864
30,90.1491,90.0900,90.9815
31,90.1491,90.0880,90.9766
32,90.1491,90.0860,90.9717
33,90.1491,90.0840,90.9668
34,90.1491,90.0819,90.9619
35,90.1491,90.0799,90.9570
36,90.1491,90.0779,90.9521
37,90.1491,90.0759,90.9472
38,90.1491,90.0739,90.9423
39,90.1491,90.0719,90.9375
40,90.1491,90.0699,90.9326
41,90.1491,90.0679,90.9277
42,90.1491,90.0658,90.9228
43,90.1491,90.0638,90.9179
44,90.1491,90.0618,90.9130
45,90.1491,90.0598,90.9081
46,90.1491,90.0578,90.9032
47,90.1491,90.0558,90.8983
48,90.1491,90.0538,90.8934
49,90.1491,90.0518,90.8885
50,90.1491,90.0498,90.8836
51,90.1437,90.0477,90.8779
52,90.1337,90.0457,90.8717
53,90.1237,90.0437,90.8656
54,90.1136,90.0417,90.8594
55,90.1036,90.0396,90.8533
56,90.0936,90.0376,90.8471
57,90.0836,90.0356,90.8409
58,90.0736,90.0335,90.8348
59,90.0636,90.0315,90.8286
60,90.0536,90.0295,90.8225
61,90.0436,90.0275,90.8163
62,90.0336,90.0254,90.8102
63,90.0236,90.0234,90.8040
64,90.0136,90.0214,90.7978
65,90.0036,90.0194,90.7917
66,89.9936,90.0173,90.7855
67,89.9836,90.0153,90.7794
68,89.9736,90.0133,90.7732
69,89.9636,90.0113,90.7670
70,89.9536,90.0092,90.7609
71,89.9436,90.0072,90.7547
72,89.9336,90.0052,90.7486
73,89.9236,90.0031,90.7424
74,89.9136,90.0011,90.7362
75,89.9036,89.9991,90.7301
76,89.8936,89.9971,90.7239
77,89.8836,89.9950,90.7178
78,89.8736,89.9930,90.7116
79,89.8636,89.9910,90.7055
80,89.8536,89.9890,90.6993
81,89.8436,89.9869,90.6931
82,89.8336,89.9849,90.6870
83,89.8236,89.9829,90.6808
84,89.8136,89.9808,90.6747
85,89.8036,89.9788,90.6685
86,89.7936,89.9768,90.6623
87,89.7836,89.9748,90.6562
88,89.7736,89.9727,90.6500
89,89.7636,89.9707,90.6439
90,89.7536,89.9687,90.6377
91,89.7435,89.9667,90.6315
92,89.7335,89.9646,90.6254
93,89.7235,89.9626,90.6192
94,89.7135,89.9606,90.6131
95,89.7035,89.9585,90.6069
96,89.6935,89.9565,90.6008
97,89.6835,89.9545,90.5946
98,89.6735,89.9525,90.5884
99,89.6635,89.9504,90.5823
100,89.6535,89.9484,90.5761
101,89.6407,89.9437,90.5692
102,89.6267,89.9378,90.5621
103,89.6128,89.9319,90.5551
104,89.5988,89.9260,90.5480
105,89.5849,89.9201,90.5409
106,89.5710,89.9142,90.5338
107,89.5570,89.9082,90.5268
108,89.5431,89.9023,90.5197
109,89.5292,89.8964,90.5126
110,89.5152,89.8905,90.5055
111,89.5013,89.8846,90.4985
112,89.4873,89.8787,90.4914
113,89.4734,89.8728,90.4843
114,89.4595,89.8669,90.4772
115,89.4455,89.8610,90.4702
116,89.4316,89.8550,90.4631
117,89.4177,89.8491,90.4560
118,89.4037,89.8432,90.4489
119,89.3898,89.8373,90.4419
120,89.3758,89.8314,90.4348
121,89.3619,89.8255,90.4277
122,89.3480,89.8196,90.4206
123,89.3340,89.8137,90.4135
124,89.3201,89.8077,90.4065
125,89.3062,89.8018,90.3994
126,89.2922,89.7959,90.3923
127,89.2783,89.7900,90.3852
128,89.2643,89.7841,90.3782
129,89.2504,89.7782,90.3711
130,89.2365,89.7723,90.3640
131,89.2225,89.7664,90.3569
132,89.2086,89.7605,90.3499
133,89.1947,89.7545,90.3428
134,89.1807,89.7486,90.3357
135,89.1668,89.7427,90.3286
136,89.1528,89.7368,90.3216
137,89.1389,89.7309,90.3145
138,89.1250,89.7250,90.3074
139,89.1110,89.7191,90.3003
140,89.0971,89.7132,90.2933
141,89.0832,89.7073,90.2862
142,89.0692,89.7013,90.2791
143,89.0553,89.6954,90.2720
144,89.0413,89.6895,90.2649
145,89.0274,89.6836,90.2579
146,89.0135,89.6777,90.2508
147,88.9995,89.6718,90.2437
148,88.9856,89.6659,90.2366
149,88.9717,89.6600,90.2296
150,88.9577,89.6540,90.2225
151,88.9437,89.6435,90.2149
152,88.9296,89.6294,90.2070
153,88.9155,89.6154,90.1992
154,88.9014,89.6014,90.1913
155,88.8873,89.5874,90.1835
156,88.8732,89.5734,90.1756
157,88.8591,89.5594,90.1678
158,88.8450,89.5453,90.1599
159,88.8309,89.5313,90.1520
160,88.8168,89.5173,90.1442
161,88.8027,89.5033,90.1363
162,88.7886,89.4893,90.1285
163,88.7745,89.4753,90.1206
164,88.7604,89.4612,90.1128
165,88.7463,89.4472,90.1049
166,88.7322,89.4332,90.0970
167,88.7181,89.4192,90.0892
168,88.7040,89.4052,90.0813
169,88.6899,89.3912,90.0735
170,88.6758,89.3771,90.0656
171,88.6617,89.3631,90.0577
172,88.6476,89.3491,90.0499
173,88.6335,89.3351,90.0420
174,88.6194,89.3211,90.0342
175,88.6053,89.3070,90.0263
176,88.5912,89.2930,90.0185
177,88.5771,89.2790,90.0106
178,88.5630,89.2650,90.0027
179,88.5489,89.2510,89.9949
180,88.5348,89.2370,89.9870
181,88.5207,89.2229,89.9792
182,88.5066,89.2089,89.9713
183,88.4925,89.1949,89.9635
184,88.4784,89.1809,89.9556
185,88.4643,89.1669,89.9477
186,88.4502,89.1529,89.9399
187,88.4361,89.1388,89.9320
188,88.4220,89.1248,89.9242
189,88.4079,89.1108,89.9163
190,88.3938,89.0968,89.9085
191,88.3797,89.0828,89.9006
192,88.3656,89.0688,89.8927
193,88.3515,89.0547,89.8849
194,88.3374,89.0407,89.8770
195,88.3234,89.0267,89.8692
196,88.3093,89.0127,89.8613
197,88.2952,88.9987,89.8534
198,88.2811,88.9846,89.8456
199,88.2670,88.9706,89.8377
200,88.2529,88.9566,89.8299
201,88.2362,88.9483,89.8218
202,88.2182,88.9422,89.8136
203,88.2002,88.9361,89.8054
204,88.1823,88.9301,89.7973
205,88.1643,88.9240,89.7891
206,88.1464,88.9179,89.7809
207,88.1284,88.9119,89.7727
208,88.1104,88.9058,89.7646
209,88.0925,88.8997,89.7564
210,88.0745,88.8937,89.7482
211,88.0565,88.8876,89.7401
212,88.0386,88.8815,89.7319
213,88.0206,88.8755,89.7237
214,88.0027,88.8694,89.7156
215,87.9847,88.8634,89.7074
216,87.9667,88.8573,89.6992
217,87.9488,88.8512,89.6910
218,87.9308,88.8452,89.6829
219,87.9128,88.8391,89.6747
220,87.8949,88.8330,89.6665
221,87.8769,88.8270,89.6584
222,87.8590,88.8209,89.6502
223,87.8410,88.8148,89.6420
224,87.8230,88.8088,89.6339
225,87.8051,88.8027,89.6257
226,87.7871,88.7966,89.6175
227,87.7692,88.7906,89.6093
228,87.7512,88.7845,89.6012
229,87.7332,88.7785,89.5930
230,87.7153,88.7724,89.5848
231,87.6973,88.7663,89.5767
232,87.6793,88.7603,89.5685
233,87.6614,88.7542,89.5603
234,87.6434,88.7481,89.5522
235,87.6255,88.7421,89.5440
236,87.6075,88.7360,89.5358
237,87.5895,88.7299,89.5277
238,87.5716,88.7239,89.5195
239,87.5536,88.7178,89.5113
240,87.5356,88.7117,89.5031
241,87.5177,88.7057,89.4950
242,87.4997,88.6996,89.4868
243,87.4818,88.6936,89.4786
244,87.4638,88.6875,89.4705
245,87.4458,88.6814,89.4623
246,87.4279,88.6754,89.4541
247,87.4099,88.6693,89.4460
248,87.3920,88.6632,89.4378
249,87.3740,88.6572,89.4296
250,87.3560,88.6511,89.4214
251,87.3413,88.6433,89.4132
252,87.3272,88.6353,89.4049
253,87.3130,88.6272,89.3966
254,87.2989,88.6192,89.3883
255,87.2848,88.6111,89.3800
256,87.2706,88.6030,89.3717
257,87.2565,88.5950,89.3634
258,87.2423,88.5869,89.3551
259,87.2282,88.5789,89.3468
260,87.2141,88.5708,89.3385
261,87.1999,88.5627,89.3302
262,87.1858,88.5547,89.3219
263,87.1716,88.5466,89.3136
264,87.1575,88.5385,89.3053
265,87.1434,88.5305,89.2970
266,87.1292,88.5224,89.2888
267,87.1151,88.5144,89.2805
268,87.1009,88.5063,89.2722
269,87.0868,88.4982,89.2639
270,87.0727,88.4902,89.2556
271,87.0585,88.4821,89.2473
272,87.0444,88.4741,89.2390
273,87.0302,88.4660,89.2307
274,87.0161,88.4579,89.2224
275,87.0020,88.4499,89.2141
276,86.9878,88.4418,89.2058
277,86.9737,88.4338,89.1975
278,86.9595,88.4257,89.1892
279,86.9454,88.4176,89.1809
280,86.9313,88.4096,89.1726
281,86.9171,88.4015,89.1644
282,86.9030,88.3934,89.1561
283,86.8889,88.3854,89.1478
284,86.8747,88.3773,89.1395
285,86.8606,88.3693,89.1312
286,86.8464,88.3612,89.1229
287,86.8323,88.3531,89.1146
288,86.8182,88.3451,89.1063
289,86.8040,88.3370,89.0980
290,86.7899,88.3290,89.0897
291,86.7757,88.3209,89.0814
292,86.7616,88.3128,89.0731
293,86.7475,88.3048,89.0648
294,86.7333,88.2967,89.0565
295,86.7192,88.2887,89.0482
296,86.7050,88.2806,89.0399
297,86.6909,88.2725,89.0317
298,86.6768,88.2645,89.0234
299,86.6626,88.2564,89.0151
300,86.6485,88.2484,89.0068
301,86.6326,88.2384,88.9987
302,86.6166,88.2285,88.9905
303,86.6007,88.2186,88.9824
304,86.5848,88.2086,88.9743
305,86.5688,88.1987,88.9661
306,86.5529,88.1888,88.9580
307,86.5369,88.1788,88.9499
308,86.5210,88.1689,88.9418
309,86.5051,88.1589,88.9336
310,86.4891,88.1490,88.9255
311,86.4732,88.1391,88.9174
312,86.4573,88.1291,88.9093
313,86.4413,88.1192,88.9011
314,86.4254,88.1093,88.8930
315,86.4094,88.0993,88.8849
316,86.3935,88.0894,88.8767
317,86.3776,88.0794,88.8686
318,86.3616,88.0695,88.8605
319,86.3457,88.0596,88.8524
320,86.3298,88.0496,88.8442
321,86.3138,88.0397,88.8361
322,86.2979,88.0297,88.8280
323,86.2819,88.0198,88.8198
324,86.2660,88.0099,88.8117
325,86.2501,87.9999,88.8036
326,86.2341,87.9900,88.7955
327,86.2182,87.9801,88.7873
328,86.2023,87.9701,88.7792
329,86.1863,87.9602,88.7711
330,86.1704,87.9502,88.7629
331,86.1544,87.9403,88.7548
332,86.1385,87.9304,88.7467
333,86.1226,87.9204,88.7386
334,86.1066,87.9105,88.7304
335,86.0907,87.9006,88.7223
336,86.0748,87.8906,88.7142
337,86.0588,87.8807,88.7061
338,86.0429,87.8707,88.6979
339,86.0269,87.8608,88.6898
340,86.0110,87.8509,88.6817
341,85.9951,87.8409,88.6735
342,85.9791,87.8310,88.6654
343,85.9632,87.8211,88.6573
344,85.9473,87.8111,88.6492
345,85.9313,87.8012,88.6410
346,85.9154,87.7912,88.6329
347,85.8994,87.7813,88.6248
348,85.8835,87.7714,88.6166
349,85.8676,87.7614,88.6085
350,85.8516,87.7515,88.6004
351,85.8373,87.7432,88.5928
352,85.8233,87.7353,88.5853
353,85.8093,87.7273,88.5777
354,85.7952,87.7194,88.5702
355,85.7812,87.7114,88.5626
356,85.7672,87.7035,88.5551
357,85.7532,87.6955,88.5475
358,85.7392,87.6876,88.5400
359,85.7252,87.6796,88.5324
360,85.7111,87.6717,88.5249
361,85.6971,87.6637,88.5173
362,85.6831,87.6558,88.5098
363,85.6691,87.6478,88.5022
364,85.6551,87.6399,88.4947
365,85.6410,87.6319,88.4871
366,85.6270,87.6240,88.4796
367,85.6130,87.6160,88.4720
368,85.5990,87.6081,88.4645
369,85.5850,87.6001,88.4569
370,85.5710,87.5922,88.4494
371,85.5569,87.5842,88.4418
372,85.5429,87.5762,88.4343
373,85.5289,87.5683,88.4267
374,85.5149,87.5603,88.4192
375,85.5009,87.5524,88.4116
376,85.4869,87.5444,88.4041
377,85.4728,87.5365,88.3965
378,85.4588,87.5285,88.3890
379,85.4448,87.5206,88.3814
380,85.4308,87.5126,88.3739
381,85.4168,87.5047,88.3663
382,85.4027,87.4967,88.3588
383,85.3887,87.4888,88.3512
384,85.3747,87.4808,88.3437
385,85.3607,87.4729,88.3361
386,85.3467,87.4649,88.3286
387,85.3327,87.4570,88.3210
388,85.3186,87.4490,88.3135
389,85.3046,87.4411,88.3059
390,85.2906,87.4331,88.2984
391,85.2766,87.4252,88.2908
392,85.2626,87.4172,88.2833
393,85.2486,87.4093,88.2757
394,85.2345,87.4013,88.2682
395,85.2205,87.3934,88.2606
396,85.2065,87.3854,88.2531
397,85.1925,87.3775,88.2455
398,85.1785,87.3695,88.2380
399,85.1645,87.3616,88.2304
400,85.1504,87.3536,88.2229
401,85.1403,87.3416,88.2161
402,85.1303,87.3295,88.2093
403,85.1204,87.3174,88.2025
404,85.1104,87.3053,88.1957
405,85.1004,87.2932,88.1889
406,85.0904,87.2810,88.1821
407,85.0804,87.2689,88.1753
408,85.0704,87.2568,88.1685
409,85.0604,87.2447,88.1617
410,85.0505,87.2326,88.1549
411,85.0405,87.2205,88.1481
412,85.0305,87.2084,88.1413
413,85.0205,87.1962,88.1344
414,85.0105,87.1841,88.1276
415,85.0005,87.1720,88.1208
416,84.9905,87.1599,88.1140
417,84.9806,87.1478,88.1072
418,84.9706,87.1357,88.1004
419,84.9606,87.1235,88.0936
420,84.9506,87.1114,88.0868
421,84.9406,87.0993,88.0800
422,84.9306,87.0872,88.0732
423,84.9206,87.0751,88.0664
424,84.9106,87.0630,88.0596
425,84.9007,87.0508,88.0528
426,84.8907,87.0387,88.0460
427,84.8807,87.0266,88.0391
428,84.8707,87.0145,88.0323
429,84.8607,87.0024,88.0255
430,84.8507,86.9903,88.0187
431,84.8407,86.9782,88.0119
432,84.8308,86.9660,88.0051
433,84.8208,86.9539,87.9983
434,84.8108,86.9418,87.9915
435,84.8008,86.9297,87.9847
436,84.7908,86.9176,87.9779
437,84.7808,86.9055,87.9711
438,84.7708,86.8933,87.9643
439,84.7608,86.8812,87.9575
440,84.7509,86.8691,87.9507
441,84.7409,86.8570,87.9438
442,84.7309,86.8449,87.9370
443,84.7209,86.8328,87.9302
444,84.7109,86.8206,87.9234
445,84.7009,86.8085,87.9166
446,84.6909,86.7964,87.9098
447,84.6810,86.7843,87.9030
448,84.6710,86.7722,87.8962
449,84.6610,86.7601,87.8894
450,84.6510,86.7484,87.8828
451,84.6409,86.7404,87.8771
452,84.6308,86.7325,87.8714
453,84.6207,86.7245,87.8657
454,84.6106,86.7165,87.8599
455,84.6005,86.7086,87.8542
456,84.5904,86.7006,87.8485
457,84.5803,86.6926,87.8428
458,84.5702,86.6847,87.8370
459,84.5601,86.6767,87.8313
460,84.5500,86.6687,87.8256
461,84.5399,86.6608,87.8199
462,84.5298,86.6528,87.8141
463,84.5198,86.6448,87.8084
464,84.5097,86.6369,87.8027
465,84.4996,86.6289,87.7969
466,84.4895,86.6209,87.7912
467,84.4794,86.6130,87.7855
468,84.4693,86.6050,87.7798
469,84.4592,86.5970,87.7740
470,84.4491,86.5891,87.7683
471,84.4390,86.5811,87.7626
472,84.4289,86.5731,87.7569
473,84.4188,86.5651,87.7511
474,84.4087,86.5572,87.7454
475,84.3986,86.5492,87.7397
476,84.3885,86.5412,87.7340
477,84.3784,86.5333,87.7282
478,84.3683,86.5253,87.7225
479,84.3582,86.5173,87.7168
480,84.3481,86.5094,87.7111
481,84.3381,86.5014,87.7053
482,84.3280,86.4934,87.6996
483,84.3179,86.4855,87.6939
484,84.3078,86.4775,87.6882
485,84.2977,86.4695,87.6824
486,84.2876,86.4616,87.6767
487,84.2775,86.4536,87.6710
488,84.2674,86.4456,87.6653
489,84.2573,86.4377,87.6595
490,84.2472,86.4297,87.6538
491,84.2371,86.4217,87.6481
492,84.2270,86.4138,87.6424
493,84.2169,86.4058,87.6366
494,84.2068,86.3978,87.6309
495,84.1967,86.3899,87.6252
496,84.1866,86.3819,87.6195
497,84.1765,86.3739,87.6137
498,84.1664,86.3660,87.6080
499,84.1564,86.3580,87.6023
500,84.1473,86.3500,87.5971
501,84.1414,86.3420,87.5927
502,84.1355,86.3340,87.5884
503,84.1296,86.3259,87.5841
504,84.1236,86.3179,87.5797
505,84.1177,86.3099,87.5754
506,84.1118,86.3019,87.5710
507,84.1059,86.2939,87.5667
508,84.1000,86.2858,87.5624
509,84.0941,86.2778,87.5580
510,84.0882,86.2698,87.5537
511,84.0823,86.2618,87.5494
512,84.0764,86.2537,87.5450
513,84.0705,86.2457,87.5407
514,84.0646,86.2377,87.5363
515,84.0587,86.2297,87.5320
516,84.0528,86.2217,87.5277
517,84.0469,86.2136,87.5233
518,84.0410,86.2056,87.5190
519,84.0350,86.1976,87.5147
520,84.0291,86.1896,87.5103
521,84.0232,86.1816,87.5060
522,84.0173,86.1735,87.5016
523,84.0114,86.1655,87.4973
524,84.0055,86.1575,87.4930
525,83.9996,86.1495,87.4886
526,83.9937,86.1415,87.4843
527,83.9878,86.1334,87.4800
528,83.9819,86.1254,87.4756
529,83.9760,86.1174,87.4713
530,83.9701,86.1094,87.4669
531,83.9642,86.1013,87.4626
532,83.9583,86.0933,87.4583
533,83.9523,86.0853,87.4539
534,83.9464,86.0773,87.4496
535,83.9405,86.0693,87.4452
536,83.9346,86.0612,87.4409
537,83.9287,86.0532,87.4366
538,83.9228,86.0452,87.4322
539,83.9169,86.0372,87.4279
540,83.9110,86.0292,87.4236
541,83.9051,86.0211,87.4192
542,83.8992,86.0131,87.4149
543,83.8933,86.0051,87.4105
544,83.8874,85.9971,87.4062
545,83.8815,85.9890,87.4019
546,83.8756,85.9810,87.3975
547,83.8697,85.9730,87.3932
548,83.8637,85.9650,87.3889
549,83.8578,85.9570,87.3845
550,83.8517,85.9492,87.3805
551,83.8436,85.9433,87.3779
552,83.8356,85.9373,87.3752
553,83.8275,85.9314,87.3726
554,83.8194,85.9254,87.3699
555,83.8113,85.9194,87.3672
556,83.8032,85.9135,87.3646
557,83.7951,85.9075,87.3619
558,83.7871,85.9016,87.3593
559,83.7790,85.8956,87.3566
560,83.7709,85.8897,87.3539
561,83.7628,85.8837,87.3513
562,83.7547,85.8778,87.3486
563,83.7467,85.8718,87.3460
564,83.7386,85.8658,87.3433
565,83.7305,85.8599,87.3406
566,83.7224,85.8539,87.3380
567,83.7143,85.8480,87.3353
568,83.7062,85.8420,87.3327
569,83.6982,85.8361,87.3300
570,83.6901,85.8301,87.3273
571,83.6820,85.8242,87.3247
572,83.6739,85.8182,87.3220
573,83.6658,85.8122,87.3194
574,83.6577,85.8063,87.3167
575,83.6497,85.8003,87.3140
576,83.6416,85.7944,87.3114
577,83.6335,85.7884,87.3087
578,83.6254,85.7825,87.3061
579,83.6173,85.7765,87.3034
580,83.6092,85.7706,87.3007
581,83.6012,85.7646,87.2981
582,83.5931,85.7586,87.2954
583,83.5850,85.7527,87.2928
584,83.5769,85.7467,87.2901
585,83.5688,85.7408,87.2874
586,83.5607,85.7348,87.2848
587,83.5527,85.7289,87.2821
588,83.5446,85.7229,87.2795
589,83.5365,85.7170,87.2768
590,83.5284,85.7110,87.2741
591,83.5203,85.7050,87.2715
592,83.5122,85.6991,87.2688
593,83.5042,85.6931,87.2661
594,83.4961,85.6872,87.2635
595,83.4880,85.6812,87.2608
596,83.4799,85.6753,87.2582
597,83.4718,85.6693,87.2555
598,83.4638,85.6634,87.2528
599,83.4557,85.6574,87.2502
600,83.4498,85.6531,87.2485
